API,provider,entity_type,count,article_count_threshold
Dictionary,Europe PMC,Accession Numbers,48,10
Dictionary,Europe PMC,Chemicals,584,10
Dictionary,Europe PMC,Diseases,49,10
Dictionary,Europe PMC,Experimental Methods,119,10
Dictionary,Europe PMC,Gene Ontology,528,10
Dictionary,Europe PMC,Gene_Proteins,416,10
Dictionary,Europe PMC,Organisms,1031,10
Dictionary,Europe PMC,Resources,4,10
ML,Europe PMC,Chemicals,517,10
ML,Europe PMC,Diseases,55,10
ML,Europe PMC,Experimental Methods,87,10
ML,Europe PMC,Gene Ontology,400,10
ML,Europe PMC,Gene_Proteins,466,10
ML,Europe PMC,Organisms,1231,10
ML,Metagenomics,Body-Site,142,10
ML,Metagenomics,Date,5,10
ML,Metagenomics,Ecoregion,49,10
ML,Metagenomics,Engineered,91,10
ML,Metagenomics,Gene,177,10
ML,Metagenomics,Host,287,10
ML,Metagenomics,Kit,8,10
ML,Metagenomics,LCM,3,10
ML,Metagenomics,LS,20,10
ML,Metagenomics,Place,65,10
ML,Metagenomics,Primer,9,10
ML,Metagenomics,Sample-Material,286,10
ML,Metagenomics,Sequencing,50,10
ML,Metagenomics,Site,59,10
ML,Metagenomics,State,827,10
ML,Metagenomics,Treatment,329,10
Dictionary,Europe PMC,Accession Numbers,305,100
Dictionary,Europe PMC,Chemicals,4966,100
Dictionary,Europe PMC,Diseases,2522,100
Dictionary,Europe PMC,Experimental Methods,1102,100
Dictionary,Europe PMC,Gene Ontology,2496,100
Dictionary,Europe PMC,Gene_Proteins,3793,100
Dictionary,Europe PMC,Organisms,11770,100
Dictionary,Europe PMC,Resources,61,100
ML,Europe PMC,Chemicals,5222,100
ML,Europe PMC,Diseases,3043,100
ML,Europe PMC,Experimental Methods,946,100
ML,Europe PMC,Gene Ontology,2121,100
ML,Europe PMC,Gene_Proteins,4542,100
ML,Europe PMC,Organisms,13926,100
ML,Metagenomics,Body-Site,2360,100
ML,Metagenomics,Date,53,100
ML,Metagenomics,Ecoregion,264,100
ML,Metagenomics,Engineered,759,100
ML,Metagenomics,Gene,1689,100
ML,Metagenomics,Host,3259,100
ML,Metagenomics,Kit,77,100
ML,Metagenomics,LCM,36,100
ML,Metagenomics,LS,253,100
ML,Metagenomics,Place,956,100
ML,Metagenomics,Primer,98,100
ML,Metagenomics,Sample-Material,1841,100
ML,Metagenomics,Sequencing,315,100
ML,Metagenomics,Site,312,100
ML,Metagenomics,State,13901,100
ML,Metagenomics,Treatment,4186,100
Dictionary,Biostudies,Accession Numbers,17,200
Dictionary,Biostudies,Chemicals,12,200
Dictionary,Biostudies,Diseases,4,200
Dictionary,Biostudies,Experimental Methods,5,200
Dictionary,Biostudies,Gene Ontology,3,200
Dictionary,Biostudies,Gene_Proteins,28,200
Dictionary,Biostudies,Organisms,32,200
Dictionary,Europe PMC,Accession Numbers,463,200
Dictionary,Europe PMC,Chemicals,11198,200
Dictionary,Europe PMC,Diseases,4936,200
Dictionary,Europe PMC,Experimental Methods,2042,200
Dictionary,Europe PMC,Gene Ontology,5305,200
Dictionary,Europe PMC,Gene_Proteins,7635,200
Dictionary,Europe PMC,Organisms,22258,200
Dictionary,Europe PMC,Resources,120,200
Dictionary,Metagenomics,Body-Site,13,200
Dictionary,Metagenomics,Date,1,200
Dictionary,Metagenomics,Engineered,1,200
Dictionary,Metagenomics,Gene,2,200
Dictionary,Metagenomics,Host,16,200
Dictionary,Metagenomics,Kit,1,200
Dictionary,Metagenomics,LS,2,200
Dictionary,Metagenomics,Place,4,200
Dictionary,Metagenomics,Sample-Material,17,200
Dictionary,Metagenomics,State,122,200
Dictionary,Metagenomics,Treatment,31,200
Dictionary,OntoGene,Organ Tissue,4,200
Dictionary,OntoGene,Sequence,3,200
Dictionary,Open Targets Platform,Gene Disease Relationship,1,200
ML,Biostudies,Accession Numbers,17,200
ML,Biostudies,Chemicals,12,200
ML,Biostudies,Diseases,4,200
ML,Biostudies,Experimental Methods,5,200
ML,Biostudies,Gene Ontology,3,200
ML,Biostudies,Gene_Proteins,28,200
ML,Biostudies,Organisms,32,200
ML,Europe PMC,Chemicals,11626,200
ML,Europe PMC,Diseases,5679,200
ML,Europe PMC,Experimental Methods,1613,200
ML,Europe PMC,Gene Ontology,4539,200
ML,Europe PMC,Gene_Proteins,8479,200
ML,Europe PMC,Organisms,26533,200
ML,Metagenomics,Body-Site,4541,200
ML,Metagenomics,Date,152,200
ML,Metagenomics,Ecoregion,410,200
ML,Metagenomics,Engineered,1306,200
ML,Metagenomics,Gene,3420,200
ML,Metagenomics,Host,6292,200
ML,Metagenomics,Kit,158,200
ML,Metagenomics,LCM,83,200
ML,Metagenomics,LS,602,200
ML,Metagenomics,Place,1860,200
ML,Metagenomics,Primer,231,200
ML,Metagenomics,Sample-Material,3643,200
ML,Metagenomics,Sequencing,564,200
ML,Metagenomics,Site,518,200
ML,Metagenomics,State,27954,200
ML,Metagenomics,Treatment,8769,200
ML,OntoGene,Organ Tissue,4,200
ML,OntoGene,Sequence,3,200
ML,Open Targets Platform,Gene Disease Relationship,1,200
Dictionary,Biostudies,Accession Numbers,17,300
Dictionary,Biostudies,Chemicals,12,300
Dictionary,Biostudies,Diseases,4,300
Dictionary,Biostudies,Experimental Methods,5,300
Dictionary,Biostudies,Gene Ontology,3,300
Dictionary,Biostudies,Gene_Proteins,28,300
Dictionary,Biostudies,Organisms,32,300
Dictionary,Europe PMC,Accession Numbers,731,300
Dictionary,Europe PMC,Chemicals,16836,300
Dictionary,Europe PMC,Diseases,7296,300
Dictionary,Europe PMC,Experimental Methods,3714,300
Dictionary,Europe PMC,Gene Ontology,8170,300
Dictionary,Europe PMC,Gene_Proteins,11215,300
Dictionary,Europe PMC,Organisms,31766,300
Dictionary,Europe PMC,Resources,188,300
Dictionary,Metagenomics,Body-Site,13,300
Dictionary,Metagenomics,Date,1,300
Dictionary,Metagenomics,Engineered,1,300
Dictionary,Metagenomics,Gene,2,300
Dictionary,Metagenomics,Host,16,300
Dictionary,Metagenomics,Kit,1,300
Dictionary,Metagenomics,LS,2,300
Dictionary,Metagenomics,Place,4,300
Dictionary,Metagenomics,Sample-Material,17,300
Dictionary,Metagenomics,State,122,300
Dictionary,Metagenomics,Treatment,31,300
Dictionary,OntoGene,Organ Tissue,4,300
Dictionary,OntoGene,Sequence,3,300
Dictionary,Open Targets Platform,Gene Disease Relationship,1,300
Dictionary,Open Targets Platform,Gene Drug Relationship,1,300
ML,Biostudies,Accession Numbers,17,300
ML,Biostudies,Chemicals,12,300
ML,Biostudies,Diseases,4,300
ML,Biostudies,Experimental Methods,5,300
ML,Biostudies,Gene Ontology,3,300
ML,Biostudies,Gene_Proteins,28,300
ML,Biostudies,Organisms,32,300
ML,Europe PMC,Chemicals,17648,300
ML,Europe PMC,Diseases,8224,300
ML,Europe PMC,Experimental Methods,2611,300
ML,Europe PMC,Gene Ontology,6998,300
ML,Europe PMC,Gene_Proteins,13261,300
ML,Europe PMC,Organisms,37590,300
ML,Metagenomics,Body-Site,6596,300
ML,Metagenomics,Date,263,300
ML,Metagenomics,Ecoregion,595,300
ML,Metagenomics,Engineered,1968,300
ML,Metagenomics,Gene,4928,300
ML,Metagenomics,Host,8725,300
ML,Metagenomics,Kit,229,300
ML,Metagenomics,LCM,115,300
ML,Metagenomics,LS,931,300
ML,Metagenomics,Place,2864,300
ML,Metagenomics,Primer,374,300
ML,Metagenomics,Sample-Material,5679,300
ML,Metagenomics,Sequencing,734,300
ML,Metagenomics,Site,754,300
ML,Metagenomics,State,41140,300
ML,Metagenomics,Treatment,13224,300
ML,OntoGene,Organ Tissue,4,300
ML,OntoGene,Sequence,3,300
ML,Open Targets Platform,Gene Disease Relationship,1,300
ML,Open Targets Platform,Gene Drug Relationship,1,300
Dictionary,Biostudies,Accession Numbers,17,400
Dictionary,Biostudies,Chemicals,12,400
Dictionary,Biostudies,Diseases,4,400
Dictionary,Biostudies,Experimental Methods,5,400
Dictionary,Biostudies,Gene Ontology,3,400
Dictionary,Biostudies,Gene_Proteins,28,400
Dictionary,Biostudies,Organisms,32,400
Dictionary,Europe PMC,Accession Numbers,1223,400
Dictionary,Europe PMC,Chemicals,21193,400
Dictionary,Europe PMC,Diseases,9016,400
Dictionary,Europe PMC,Experimental Methods,5017,400
Dictionary,Europe PMC,Gene Ontology,10617,400
Dictionary,Europe PMC,Gene_Proteins,15304,400
Dictionary,Europe PMC,Organisms,41047,400
Dictionary,Europe PMC,Resources,243,400
Dictionary,Metagenomics,Body-Site,14,400
Dictionary,Metagenomics,Date,2,400
Dictionary,Metagenomics,Engineered,2,400
Dictionary,Metagenomics,Gene,2,400
Dictionary,Metagenomics,Host,23,400
Dictionary,Metagenomics,Kit,1,400
Dictionary,Metagenomics,LS,2,400
Dictionary,Metagenomics,Place,5,400
Dictionary,Metagenomics,Sample-Material,19,400
Dictionary,Metagenomics,State,144,400
Dictionary,Metagenomics,Treatment,34,400
Dictionary,OntoGene,Organ Tissue,4,400
Dictionary,OntoGene,Sequence,3,400
Dictionary,Open Targets Platform,Gene Disease Relationship,1,400
Dictionary,Open Targets Platform,Gene Drug Relationship,1,400
ML,Biostudies,Accession Numbers,17,400
ML,Biostudies,Chemicals,12,400
ML,Biostudies,Diseases,4,400
ML,Biostudies,Experimental Methods,5,400
ML,Biostudies,Gene Ontology,3,400
ML,Biostudies,Gene_Proteins,28,400
ML,Biostudies,Organisms,32,400
ML,Europe PMC,Chemicals,21742,400
ML,Europe PMC,Diseases,10235,400
ML,Europe PMC,Experimental Methods,3246,400
ML,Europe PMC,Gene Ontology,8880,400
ML,Europe PMC,Gene_Proteins,16927,400
ML,Europe PMC,Organisms,48597,400
ML,Metagenomics,Body-Site,9068,400
ML,Metagenomics,Date,320,400
ML,Metagenomics,Ecoregion,818,400
ML,Metagenomics,Engineered,2681,400
ML,Metagenomics,Gene,6131,400
ML,Metagenomics,Host,11407,400
ML,Metagenomics,Kit,306,400
ML,Metagenomics,LCM,141,400
ML,Metagenomics,LS,1166,400
ML,Metagenomics,Place,3815,400
ML,Metagenomics,Primer,475,400
ML,Metagenomics,Sample-Material,8315,400
ML,Metagenomics,Sequencing,949,400
ML,Metagenomics,Site,1328,400
ML,Metagenomics,State,55228,400
ML,Metagenomics,Treatment,17196,400
ML,OntoGene,Organ Tissue,4,400
ML,OntoGene,Sequence,3,400
ML,Open Targets Platform,Gene Disease Relationship,1,400
ML,Open Targets Platform,Gene Drug Relationship,1,400
Dictionary,Biostudies,Accession Numbers,17,500
Dictionary,Biostudies,Chemicals,12,500
Dictionary,Biostudies,Diseases,4,500
Dictionary,Biostudies,Experimental Methods,5,500
Dictionary,Biostudies,Gene Ontology,3,500
Dictionary,Biostudies,Gene_Proteins,28,500
Dictionary,Biostudies,Organisms,32,500
Dictionary,Europe PMC,Accession Numbers,1546,500
Dictionary,Europe PMC,Chemicals,27787,500
Dictionary,Europe PMC,Diseases,11900,500
Dictionary,Europe PMC,Experimental Methods,6249,500
Dictionary,Europe PMC,Gene Ontology,13596,500
Dictionary,Europe PMC,Gene_Proteins,19408,500
Dictionary,Europe PMC,Organisms,52616,500
Dictionary,Europe PMC,Resources,286,500
Dictionary,Metagenomics,Body-Site,14,500
Dictionary,Metagenomics,Date,2,500
Dictionary,Metagenomics,Engineered,2,500
Dictionary,Metagenomics,Gene,2,500
Dictionary,Metagenomics,Host,23,500
Dictionary,Metagenomics,Kit,1,500
Dictionary,Metagenomics,LS,2,500
Dictionary,Metagenomics,Place,5,500
Dictionary,Metagenomics,Sample-Material,19,500
Dictionary,Metagenomics,State,144,500
Dictionary,Metagenomics,Treatment,34,500
Dictionary,OntoGene,Organ Tissue,4,500
Dictionary,OntoGene,Sequence,3,500
Dictionary,Open Targets Platform,Gene Disease Relationship,1,500
Dictionary,Open Targets Platform,Gene Drug Relationship,1,500
ML,Biostudies,Accession Numbers,17,500
ML,Biostudies,Chemicals,12,500
ML,Biostudies,Diseases,4,500
ML,Biostudies,Experimental Methods,5,500
ML,Biostudies,Gene Ontology,3,500
ML,Biostudies,Gene_Proteins,28,500
ML,Biostudies,Organisms,32,500
ML,Europe PMC,Chemicals,28297,500
ML,Europe PMC,Diseases,13229,500
ML,Europe PMC,Experimental Methods,4214,500
ML,Europe PMC,Gene Ontology,11317,500
ML,Europe PMC,Gene_Proteins,21305,500
ML,Europe PMC,Organisms,62395,500
ML,Metagenomics,Body-Site,11234,500
ML,Metagenomics,Date,499,500
ML,Metagenomics,Ecoregion,990,500
ML,Metagenomics,Engineered,3413,500
ML,Metagenomics,Gene,7716,500
ML,Metagenomics,Host,13923,500
ML,Metagenomics,Kit,385,500
ML,Metagenomics,LCM,165,500
ML,Metagenomics,LS,1362,500
ML,Metagenomics,Place,5023,500
ML,Metagenomics,Primer,690,500
ML,Metagenomics,Sample-Material,10561,500
ML,Metagenomics,Sequencing,1156,500
ML,Metagenomics,Site,1687,500
ML,Metagenomics,State,70018,500
ML,Metagenomics,Treatment,22354,500
ML,OntoGene,Organ Tissue,4,500
ML,OntoGene,Sequence,3,500
ML,Open Targets Platform,Gene Disease Relationship,1,500
ML,Open Targets Platform,Gene Drug Relationship,1,500
Dictionary,Biostudies,Accession Numbers,17,600
Dictionary,Biostudies,Chemicals,12,600
Dictionary,Biostudies,Diseases,4,600
Dictionary,Biostudies,Experimental Methods,5,600
Dictionary,Biostudies,Gene Ontology,3,600
Dictionary,Biostudies,Gene_Proteins,28,600
Dictionary,Biostudies,Organisms,32,600
Dictionary,Europe PMC,Accession Numbers,1546,600
Dictionary,Europe PMC,Chemicals,27787,600
Dictionary,Europe PMC,Diseases,11900,600
Dictionary,Europe PMC,Experimental Methods,6249,600
Dictionary,Europe PMC,Gene Ontology,13596,600
Dictionary,Europe PMC,Gene_Proteins,19408,600
Dictionary,Europe PMC,Organisms,52616,600
Dictionary,Europe PMC,Resources,286,600
Dictionary,Metagenomics,Body-Site,14,600
Dictionary,Metagenomics,Date,2,600
Dictionary,Metagenomics,Engineered,2,600
Dictionary,Metagenomics,Gene,2,600
Dictionary,Metagenomics,Host,23,600
Dictionary,Metagenomics,Kit,1,600
Dictionary,Metagenomics,LS,2,600
Dictionary,Metagenomics,Place,5,600
Dictionary,Metagenomics,Sample-Material,19,600
Dictionary,Metagenomics,State,144,600
Dictionary,Metagenomics,Treatment,34,600
Dictionary,OntoGene,Organ Tissue,4,600
Dictionary,OntoGene,Sequence,3,600
Dictionary,Open Targets Platform,Gene Disease Relationship,1,600
Dictionary,Open Targets Platform,Gene Drug Relationship,1,600
ML,Biostudies,Accession Numbers,17,600
ML,Biostudies,Chemicals,12,600
ML,Biostudies,Diseases,4,600
ML,Biostudies,Experimental Methods,5,600
ML,Biostudies,Gene Ontology,3,600
ML,Biostudies,Gene_Proteins,28,600
ML,Biostudies,Organisms,32,600
ML,Europe PMC,Chemicals,28297,600
ML,Europe PMC,Diseases,13229,600
ML,Europe PMC,Experimental Methods,4214,600
ML,Europe PMC,Gene Ontology,11317,600
ML,Europe PMC,Gene_Proteins,21305,600
ML,Europe PMC,Organisms,62395,600
ML,Metagenomics,Body-Site,11234,600
ML,Metagenomics,Date,499,600
ML,Metagenomics,Ecoregion,990,600
ML,Metagenomics,Engineered,3413,600
ML,Metagenomics,Gene,7716,600
ML,Metagenomics,Host,13923,600
ML,Metagenomics,Kit,385,600
ML,Metagenomics,LCM,165,600
ML,Metagenomics,LS,1362,600
ML,Metagenomics,Place,5023,600
ML,Metagenomics,Primer,690,600
ML,Metagenomics,Sample-Material,10561,600
ML,Metagenomics,Sequencing,1156,600
ML,Metagenomics,Site,1687,600
ML,Metagenomics,State,70018,600
ML,Metagenomics,Treatment,22354,600
ML,OntoGene,Organ Tissue,4,600
ML,OntoGene,Sequence,3,600
ML,Open Targets Platform,Gene Disease Relationship,1,600
ML,Open Targets Platform,Gene Drug Relationship,1,600
Dictionary,Biostudies,Accession Numbers,17,700
Dictionary,Biostudies,Chemicals,12,700
Dictionary,Biostudies,Diseases,4,700
Dictionary,Biostudies,Experimental Methods,5,700
Dictionary,Biostudies,Gene Ontology,3,700
Dictionary,Biostudies,Gene_Proteins,28,700
Dictionary,Biostudies,Organisms,32,700
Dictionary,Europe PMC,Accession Numbers,1546,700
Dictionary,Europe PMC,Chemicals,27787,700
Dictionary,Europe PMC,Diseases,11900,700
Dictionary,Europe PMC,Experimental Methods,6249,700
Dictionary,Europe PMC,Gene Ontology,13596,700
Dictionary,Europe PMC,Gene_Proteins,19408,700
Dictionary,Europe PMC,Organisms,52616,700
Dictionary,Europe PMC,Resources,286,700
Dictionary,Metagenomics,Body-Site,14,700
Dictionary,Metagenomics,Date,2,700
Dictionary,Metagenomics,Engineered,2,700
Dictionary,Metagenomics,Gene,2,700
Dictionary,Metagenomics,Host,23,700
Dictionary,Metagenomics,Kit,1,700
Dictionary,Metagenomics,LS,2,700
Dictionary,Metagenomics,Place,5,700
Dictionary,Metagenomics,Sample-Material,19,700
Dictionary,Metagenomics,State,144,700
Dictionary,Metagenomics,Treatment,34,700
Dictionary,OntoGene,Organ Tissue,4,700
Dictionary,OntoGene,Sequence,3,700
Dictionary,Open Targets Platform,Gene Disease Relationship,1,700
Dictionary,Open Targets Platform,Gene Drug Relationship,1,700
ML,Biostudies,Accession Numbers,17,700
ML,Biostudies,Chemicals,12,700
ML,Biostudies,Diseases,4,700
ML,Biostudies,Experimental Methods,5,700
ML,Biostudies,Gene Ontology,3,700
ML,Biostudies,Gene_Proteins,28,700
ML,Biostudies,Organisms,32,700
ML,Europe PMC,Chemicals,28297,700
ML,Europe PMC,Diseases,13229,700
ML,Europe PMC,Experimental Methods,4214,700
ML,Europe PMC,Gene Ontology,11317,700
ML,Europe PMC,Gene_Proteins,21305,700
ML,Europe PMC,Organisms,62395,700
ML,Metagenomics,Body-Site,11234,700
ML,Metagenomics,Date,499,700
ML,Metagenomics,Ecoregion,990,700
ML,Metagenomics,Engineered,3413,700
ML,Metagenomics,Gene,7716,700
ML,Metagenomics,Host,13923,700
ML,Metagenomics,Kit,385,700
ML,Metagenomics,LCM,165,700
ML,Metagenomics,LS,1362,700
ML,Metagenomics,Place,5023,700
ML,Metagenomics,Primer,690,700
ML,Metagenomics,Sample-Material,10561,700
ML,Metagenomics,Sequencing,1156,700
ML,Metagenomics,Site,1687,700
ML,Metagenomics,State,70018,700
ML,Metagenomics,Treatment,22354,700
ML,OntoGene,Organ Tissue,4,700
ML,OntoGene,Sequence,3,700
ML,Open Targets Platform,Gene Disease Relationship,1,700
ML,Open Targets Platform,Gene Drug Relationship,1,700
Dictionary,Biostudies,Accession Numbers,17,800
Dictionary,Biostudies,Chemicals,12,800
Dictionary,Biostudies,Diseases,4,800
Dictionary,Biostudies,Experimental Methods,5,800
Dictionary,Biostudies,Gene Ontology,3,800
Dictionary,Biostudies,Gene_Proteins,28,800
Dictionary,Biostudies,Organisms,32,800
Dictionary,Europe PMC,Accession Numbers,1546,800
Dictionary,Europe PMC,Chemicals,27787,800
Dictionary,Europe PMC,Diseases,11900,800
Dictionary,Europe PMC,Experimental Methods,6249,800
Dictionary,Europe PMC,Gene Ontology,13596,800
Dictionary,Europe PMC,Gene_Proteins,19408,800
Dictionary,Europe PMC,Organisms,52616,800
Dictionary,Europe PMC,Resources,286,800
Dictionary,Metagenomics,Body-Site,14,800
Dictionary,Metagenomics,Date,2,800
Dictionary,Metagenomics,Engineered,2,800
Dictionary,Metagenomics,Gene,2,800
Dictionary,Metagenomics,Host,23,800
Dictionary,Metagenomics,Kit,1,800
Dictionary,Metagenomics,LS,2,800
Dictionary,Metagenomics,Place,5,800
Dictionary,Metagenomics,Sample-Material,19,800
Dictionary,Metagenomics,State,144,800
Dictionary,Metagenomics,Treatment,34,800
Dictionary,OntoGene,Organ Tissue,4,800
Dictionary,OntoGene,Sequence,3,800
Dictionary,Open Targets Platform,Gene Disease Relationship,1,800
Dictionary,Open Targets Platform,Gene Drug Relationship,1,800
ML,Biostudies,Accession Numbers,17,800
ML,Biostudies,Chemicals,12,800
ML,Biostudies,Diseases,4,800
ML,Biostudies,Experimental Methods,5,800
ML,Biostudies,Gene Ontology,3,800
ML,Biostudies,Gene_Proteins,28,800
ML,Biostudies,Organisms,32,800
ML,Europe PMC,Chemicals,28297,800
ML,Europe PMC,Diseases,13229,800
ML,Europe PMC,Experimental Methods,4214,800
ML,Europe PMC,Gene Ontology,11317,800
ML,Europe PMC,Gene_Proteins,21305,800
ML,Europe PMC,Organisms,62395,800
ML,Metagenomics,Body-Site,11234,800
ML,Metagenomics,Date,499,800
ML,Metagenomics,Ecoregion,990,800
ML,Metagenomics,Engineered,3413,800
ML,Metagenomics,Gene,7716,800
ML,Metagenomics,Host,13923,800
ML,Metagenomics,Kit,385,800
ML,Metagenomics,LCM,165,800
ML,Metagenomics,LS,1362,800
ML,Metagenomics,Place,5023,800
ML,Metagenomics,Primer,690,800
ML,Metagenomics,Sample-Material,10561,800
ML,Metagenomics,Sequencing,1156,800
ML,Metagenomics,Site,1687,800
ML,Metagenomics,State,70018,800
ML,Metagenomics,Treatment,22354,800
ML,OntoGene,Organ Tissue,4,800
ML,OntoGene,Sequence,3,800
ML,Open Targets Platform,Gene Disease Relationship,1,800
ML,Open Targets Platform,Gene Drug Relationship,1,800
Dictionary,Biostudies,Accession Numbers,17,900
Dictionary,Biostudies,Chemicals,12,900
Dictionary,Biostudies,Diseases,4,900
Dictionary,Biostudies,Experimental Methods,5,900
Dictionary,Biostudies,Gene Ontology,3,900
Dictionary,Biostudies,Gene_Proteins,28,900
Dictionary,Biostudies,Organisms,32,900
Dictionary,Europe PMC,Accession Numbers,1546,900
Dictionary,Europe PMC,Chemicals,27787,900
Dictionary,Europe PMC,Diseases,11900,900
Dictionary,Europe PMC,Experimental Methods,6249,900
Dictionary,Europe PMC,Gene Ontology,13596,900
Dictionary,Europe PMC,Gene_Proteins,19408,900
Dictionary,Europe PMC,Organisms,52616,900
Dictionary,Europe PMC,Resources,286,900
Dictionary,Metagenomics,Body-Site,14,900
Dictionary,Metagenomics,Date,2,900
Dictionary,Metagenomics,Engineered,2,900
Dictionary,Metagenomics,Gene,2,900
Dictionary,Metagenomics,Host,23,900
Dictionary,Metagenomics,Kit,1,900
Dictionary,Metagenomics,LS,2,900
Dictionary,Metagenomics,Place,5,900
Dictionary,Metagenomics,Sample-Material,19,900
Dictionary,Metagenomics,State,144,900
Dictionary,Metagenomics,Treatment,34,900
Dictionary,OntoGene,Organ Tissue,4,900
Dictionary,OntoGene,Sequence,3,900
Dictionary,Open Targets Platform,Gene Disease Relationship,1,900
Dictionary,Open Targets Platform,Gene Drug Relationship,1,900
ML,Biostudies,Accession Numbers,17,900
ML,Biostudies,Chemicals,12,900
ML,Biostudies,Diseases,4,900
ML,Biostudies,Experimental Methods,5,900
ML,Biostudies,Gene Ontology,3,900
ML,Biostudies,Gene_Proteins,28,900
ML,Biostudies,Organisms,32,900
ML,Europe PMC,Chemicals,28297,900
ML,Europe PMC,Diseases,13229,900
ML,Europe PMC,Experimental Methods,4214,900
ML,Europe PMC,Gene Ontology,11317,900
ML,Europe PMC,Gene_Proteins,21305,900
ML,Europe PMC,Organisms,62395,900
ML,Metagenomics,Body-Site,11234,900
ML,Metagenomics,Date,499,900
ML,Metagenomics,Ecoregion,990,900
ML,Metagenomics,Engineered,3413,900
ML,Metagenomics,Gene,7716,900
ML,Metagenomics,Host,13923,900
ML,Metagenomics,Kit,385,900
ML,Metagenomics,LCM,165,900
ML,Metagenomics,LS,1362,900
ML,Metagenomics,Place,5023,900
ML,Metagenomics,Primer,690,900
ML,Metagenomics,Sample-Material,10561,900
ML,Metagenomics,Sequencing,1156,900
ML,Metagenomics,Site,1687,900
ML,Metagenomics,State,70018,900
ML,Metagenomics,Treatment,22354,900
ML,OntoGene,Organ Tissue,4,900
ML,OntoGene,Sequence,3,900
ML,Open Targets Platform,Gene Disease Relationship,1,900
ML,Open Targets Platform,Gene Drug Relationship,1,900
Dictionary,Biostudies,Accession Numbers,17,1000
Dictionary,Biostudies,Chemicals,12,1000
Dictionary,Biostudies,Diseases,4,1000
Dictionary,Biostudies,Experimental Methods,5,1000
Dictionary,Biostudies,Gene Ontology,3,1000
Dictionary,Biostudies,Gene_Proteins,28,1000
Dictionary,Biostudies,Organisms,32,1000
Dictionary,Europe PMC,Accession Numbers,1546,1000
Dictionary,Europe PMC,Chemicals,27787,1000
Dictionary,Europe PMC,Diseases,11900,1000
Dictionary,Europe PMC,Experimental Methods,6249,1000
Dictionary,Europe PMC,Gene Ontology,13596,1000
Dictionary,Europe PMC,Gene_Proteins,19408,1000
Dictionary,Europe PMC,Organisms,52616,1000
Dictionary,Europe PMC,Resources,286,1000
Dictionary,Metagenomics,Body-Site,14,1000
Dictionary,Metagenomics,Date,2,1000
Dictionary,Metagenomics,Engineered,2,1000
Dictionary,Metagenomics,Gene,2,1000
Dictionary,Metagenomics,Host,23,1000
Dictionary,Metagenomics,Kit,1,1000
Dictionary,Metagenomics,LS,2,1000
Dictionary,Metagenomics,Place,5,1000
Dictionary,Metagenomics,Sample-Material,19,1000
Dictionary,Metagenomics,State,144,1000
Dictionary,Metagenomics,Treatment,34,1000
Dictionary,OntoGene,Organ Tissue,4,1000
Dictionary,OntoGene,Sequence,3,1000
Dictionary,Open Targets Platform,Gene Disease Relationship,1,1000
Dictionary,Open Targets Platform,Gene Drug Relationship,1,1000
ML,Biostudies,Accession Numbers,17,1000
ML,Biostudies,Chemicals,12,1000
ML,Biostudies,Diseases,4,1000
ML,Biostudies,Experimental Methods,5,1000
ML,Biostudies,Gene Ontology,3,1000
ML,Biostudies,Gene_Proteins,28,1000
ML,Biostudies,Organisms,32,1000
ML,Europe PMC,Chemicals,28297,1000
ML,Europe PMC,Diseases,13229,1000
ML,Europe PMC,Experimental Methods,4214,1000
ML,Europe PMC,Gene Ontology,11317,1000
ML,Europe PMC,Gene_Proteins,21305,1000
ML,Europe PMC,Organisms,62395,1000
ML,Metagenomics,Body-Site,11234,1000
ML,Metagenomics,Date,499,1000
ML,Metagenomics,Ecoregion,990,1000
ML,Metagenomics,Engineered,3413,1000
ML,Metagenomics,Gene,7716,1000
ML,Metagenomics,Host,13923,1000
ML,Metagenomics,Kit,385,1000
ML,Metagenomics,LCM,165,1000
ML,Metagenomics,LS,1362,1000
ML,Metagenomics,Place,5023,1000
ML,Metagenomics,Primer,690,1000
ML,Metagenomics,Sample-Material,10561,1000
ML,Metagenomics,Sequencing,1156,1000
ML,Metagenomics,Site,1687,1000
ML,Metagenomics,State,70018,1000
ML,Metagenomics,Treatment,22354,1000
ML,OntoGene,Organ Tissue,4,1000
ML,OntoGene,Sequence,3,1000
ML,Open Targets Platform,Gene Disease Relationship,1,1000
ML,Open Targets Platform,Gene Drug Relationship,1,1000
Dictionary,Biostudies,Accession Numbers,17,1100
Dictionary,Biostudies,Chemicals,12,1100
Dictionary,Biostudies,Diseases,4,1100
Dictionary,Biostudies,Experimental Methods,5,1100
Dictionary,Biostudies,Gene Ontology,3,1100
Dictionary,Biostudies,Gene_Proteins,28,1100
Dictionary,Biostudies,Organisms,32,1100
Dictionary,Europe PMC,Accession Numbers,1546,1100
Dictionary,Europe PMC,Chemicals,27787,1100
Dictionary,Europe PMC,Diseases,11900,1100
Dictionary,Europe PMC,Experimental Methods,6249,1100
Dictionary,Europe PMC,Gene Ontology,13596,1100
Dictionary,Europe PMC,Gene_Proteins,19408,1100
Dictionary,Europe PMC,Organisms,52616,1100
Dictionary,Europe PMC,Resources,286,1100
Dictionary,Metagenomics,Body-Site,14,1100
Dictionary,Metagenomics,Date,2,1100
Dictionary,Metagenomics,Engineered,2,1100
Dictionary,Metagenomics,Gene,2,1100
Dictionary,Metagenomics,Host,23,1100
Dictionary,Metagenomics,Kit,1,1100
Dictionary,Metagenomics,LS,2,1100
Dictionary,Metagenomics,Place,5,1100
Dictionary,Metagenomics,Sample-Material,19,1100
Dictionary,Metagenomics,State,144,1100
Dictionary,Metagenomics,Treatment,34,1100
Dictionary,OntoGene,Organ Tissue,4,1100
Dictionary,OntoGene,Sequence,3,1100
Dictionary,Open Targets Platform,Gene Disease Relationship,1,1100
Dictionary,Open Targets Platform,Gene Drug Relationship,1,1100
ML,Biostudies,Accession Numbers,17,1100
ML,Biostudies,Chemicals,12,1100
ML,Biostudies,Diseases,4,1100
ML,Biostudies,Experimental Methods,5,1100
ML,Biostudies,Gene Ontology,3,1100
ML,Biostudies,Gene_Proteins,28,1100
ML,Biostudies,Organisms,32,1100
ML,Europe PMC,Chemicals,28297,1100
ML,Europe PMC,Diseases,13229,1100
ML,Europe PMC,Experimental Methods,4214,1100
ML,Europe PMC,Gene Ontology,11317,1100
ML,Europe PMC,Gene_Proteins,21305,1100
ML,Europe PMC,Organisms,62395,1100
ML,Metagenomics,Body-Site,11234,1100
ML,Metagenomics,Date,499,1100
ML,Metagenomics,Ecoregion,990,1100
ML,Metagenomics,Engineered,3413,1100
ML,Metagenomics,Gene,7716,1100
ML,Metagenomics,Host,13923,1100
ML,Metagenomics,Kit,385,1100
ML,Metagenomics,LCM,165,1100
ML,Metagenomics,LS,1362,1100
ML,Metagenomics,Place,5023,1100
ML,Metagenomics,Primer,690,1100
ML,Metagenomics,Sample-Material,10561,1100
ML,Metagenomics,Sequencing,1156,1100
ML,Metagenomics,Site,1687,1100
ML,Metagenomics,State,70018,1100
ML,Metagenomics,Treatment,22354,1100
ML,OntoGene,Organ Tissue,4,1100
ML,OntoGene,Sequence,3,1100
ML,Open Targets Platform,Gene Disease Relationship,1,1100
ML,Open Targets Platform,Gene Drug Relationship,1,1100
Dictionary,Biostudies,Accession Numbers,17,1200
Dictionary,Biostudies,Chemicals,12,1200
Dictionary,Biostudies,Diseases,4,1200
Dictionary,Biostudies,Experimental Methods,5,1200
Dictionary,Biostudies,Gene Ontology,3,1200
Dictionary,Biostudies,Gene_Proteins,28,1200
Dictionary,Biostudies,Organisms,32,1200
Dictionary,Europe PMC,Accession Numbers,1546,1200
Dictionary,Europe PMC,Chemicals,27787,1200
Dictionary,Europe PMC,Diseases,11900,1200
Dictionary,Europe PMC,Experimental Methods,6249,1200
Dictionary,Europe PMC,Gene Ontology,13596,1200
Dictionary,Europe PMC,Gene_Proteins,19408,1200
Dictionary,Europe PMC,Organisms,52616,1200
Dictionary,Europe PMC,Resources,286,1200
Dictionary,Metagenomics,Body-Site,14,1200
Dictionary,Metagenomics,Date,2,1200
Dictionary,Metagenomics,Engineered,2,1200
Dictionary,Metagenomics,Gene,2,1200
Dictionary,Metagenomics,Host,23,1200
Dictionary,Metagenomics,Kit,1,1200
Dictionary,Metagenomics,LS,2,1200
Dictionary,Metagenomics,Place,5,1200
Dictionary,Metagenomics,Sample-Material,19,1200
Dictionary,Metagenomics,State,144,1200
Dictionary,Metagenomics,Treatment,34,1200
Dictionary,OntoGene,Organ Tissue,4,1200
Dictionary,OntoGene,Sequence,3,1200
Dictionary,Open Targets Platform,Gene Disease Relationship,1,1200
Dictionary,Open Targets Platform,Gene Drug Relationship,1,1200
ML,Biostudies,Accession Numbers,17,1200
ML,Biostudies,Chemicals,12,1200
ML,Biostudies,Diseases,4,1200
ML,Biostudies,Experimental Methods,5,1200
ML,Biostudies,Gene Ontology,3,1200
ML,Biostudies,Gene_Proteins,28,1200
ML,Biostudies,Organisms,32,1200
ML,Europe PMC,Chemicals,28297,1200
ML,Europe PMC,Diseases,13229,1200
ML,Europe PMC,Experimental Methods,4214,1200
ML,Europe PMC,Gene Ontology,11317,1200
ML,Europe PMC,Gene_Proteins,21305,1200
ML,Europe PMC,Organisms,62395,1200
ML,Metagenomics,Body-Site,11234,1200
ML,Metagenomics,Date,499,1200
ML,Metagenomics,Ecoregion,990,1200
ML,Metagenomics,Engineered,3413,1200
ML,Metagenomics,Gene,7716,1200
ML,Metagenomics,Host,13923,1200
ML,Metagenomics,Kit,385,1200
ML,Metagenomics,LCM,165,1200
ML,Metagenomics,LS,1362,1200
ML,Metagenomics,Place,5023,1200
ML,Metagenomics,Primer,690,1200
ML,Metagenomics,Sample-Material,10561,1200
ML,Metagenomics,Sequencing,1156,1200
ML,Metagenomics,Site,1687,1200
ML,Metagenomics,State,70018,1200
ML,Metagenomics,Treatment,22354,1200
ML,OntoGene,Organ Tissue,4,1200
ML,OntoGene,Sequence,3,1200
ML,Open Targets Platform,Gene Disease Relationship,1,1200
ML,Open Targets Platform,Gene Drug Relationship,1,1200
Dictionary,Biostudies,Accession Numbers,17,1300
Dictionary,Biostudies,Chemicals,12,1300
Dictionary,Biostudies,Diseases,4,1300
Dictionary,Biostudies,Experimental Methods,5,1300
Dictionary,Biostudies,Gene Ontology,3,1300
Dictionary,Biostudies,Gene_Proteins,28,1300
Dictionary,Biostudies,Organisms,32,1300
Dictionary,Europe PMC,Accession Numbers,1546,1300
Dictionary,Europe PMC,Chemicals,27787,1300
Dictionary,Europe PMC,Diseases,11900,1300
Dictionary,Europe PMC,Experimental Methods,6249,1300
Dictionary,Europe PMC,Gene Ontology,13596,1300
Dictionary,Europe PMC,Gene_Proteins,19408,1300
Dictionary,Europe PMC,Organisms,52616,1300
Dictionary,Europe PMC,Resources,286,1300
Dictionary,Metagenomics,Body-Site,14,1300
Dictionary,Metagenomics,Date,2,1300
Dictionary,Metagenomics,Engineered,2,1300
Dictionary,Metagenomics,Gene,2,1300
Dictionary,Metagenomics,Host,23,1300
Dictionary,Metagenomics,Kit,1,1300
Dictionary,Metagenomics,LS,2,1300
Dictionary,Metagenomics,Place,5,1300
Dictionary,Metagenomics,Sample-Material,19,1300
Dictionary,Metagenomics,State,144,1300
Dictionary,Metagenomics,Treatment,34,1300
Dictionary,OntoGene,Organ Tissue,4,1300
Dictionary,OntoGene,Sequence,3,1300
Dictionary,Open Targets Platform,Gene Disease Relationship,1,1300
Dictionary,Open Targets Platform,Gene Drug Relationship,1,1300
ML,Biostudies,Accession Numbers,17,1300
ML,Biostudies,Chemicals,12,1300
ML,Biostudies,Diseases,4,1300
ML,Biostudies,Experimental Methods,5,1300
ML,Biostudies,Gene Ontology,3,1300
ML,Biostudies,Gene_Proteins,28,1300
ML,Biostudies,Organisms,32,1300
ML,Europe PMC,Chemicals,28297,1300
ML,Europe PMC,Diseases,13229,1300
ML,Europe PMC,Experimental Methods,4214,1300
ML,Europe PMC,Gene Ontology,11317,1300
ML,Europe PMC,Gene_Proteins,21305,1300
ML,Europe PMC,Organisms,62395,1300
ML,Metagenomics,Body-Site,11234,1300
ML,Metagenomics,Date,499,1300
ML,Metagenomics,Ecoregion,990,1300
ML,Metagenomics,Engineered,3413,1300
ML,Metagenomics,Gene,7716,1300
ML,Metagenomics,Host,13923,1300
ML,Metagenomics,Kit,385,1300
ML,Metagenomics,LCM,165,1300
ML,Metagenomics,LS,1362,1300
ML,Metagenomics,Place,5023,1300
ML,Metagenomics,Primer,690,1300
ML,Metagenomics,Sample-Material,10561,1300
ML,Metagenomics,Sequencing,1156,1300
ML,Metagenomics,Site,1687,1300
ML,Metagenomics,State,70018,1300
ML,Metagenomics,Treatment,22354,1300
ML,OntoGene,Organ Tissue,4,1300
ML,OntoGene,Sequence,3,1300
ML,Open Targets Platform,Gene Disease Relationship,1,1300
ML,Open Targets Platform,Gene Drug Relationship,1,1300
Dictionary,Biostudies,Accession Numbers,17,1400
Dictionary,Biostudies,Chemicals,12,1400
Dictionary,Biostudies,Diseases,4,1400
Dictionary,Biostudies,Experimental Methods,5,1400
Dictionary,Biostudies,Gene Ontology,3,1400
Dictionary,Biostudies,Gene_Proteins,28,1400
Dictionary,Biostudies,Organisms,32,1400
Dictionary,Europe PMC,Accession Numbers,1546,1400
Dictionary,Europe PMC,Chemicals,27787,1400
Dictionary,Europe PMC,Diseases,11900,1400
Dictionary,Europe PMC,Experimental Methods,6249,1400
Dictionary,Europe PMC,Gene Ontology,13596,1400
Dictionary,Europe PMC,Gene_Proteins,19408,1400
Dictionary,Europe PMC,Organisms,52616,1400
Dictionary,Europe PMC,Resources,286,1400
Dictionary,Metagenomics,Body-Site,14,1400
Dictionary,Metagenomics,Date,2,1400
Dictionary,Metagenomics,Engineered,2,1400
Dictionary,Metagenomics,Gene,2,1400
Dictionary,Metagenomics,Host,23,1400
Dictionary,Metagenomics,Kit,1,1400
Dictionary,Metagenomics,LS,2,1400
Dictionary,Metagenomics,Place,5,1400
Dictionary,Metagenomics,Sample-Material,19,1400
Dictionary,Metagenomics,State,144,1400
Dictionary,Metagenomics,Treatment,34,1400
Dictionary,OntoGene,Organ Tissue,4,1400
Dictionary,OntoGene,Sequence,3,1400
Dictionary,Open Targets Platform,Gene Disease Relationship,1,1400
Dictionary,Open Targets Platform,Gene Drug Relationship,1,1400
ML,Biostudies,Accession Numbers,17,1400
ML,Biostudies,Chemicals,12,1400
ML,Biostudies,Diseases,4,1400
ML,Biostudies,Experimental Methods,5,1400
ML,Biostudies,Gene Ontology,3,1400
ML,Biostudies,Gene_Proteins,28,1400
ML,Biostudies,Organisms,32,1400
ML,Europe PMC,Chemicals,28297,1400
ML,Europe PMC,Diseases,13229,1400
ML,Europe PMC,Experimental Methods,4214,1400
ML,Europe PMC,Gene Ontology,11317,1400
ML,Europe PMC,Gene_Proteins,21305,1400
ML,Europe PMC,Organisms,62395,1400
ML,Metagenomics,Body-Site,11234,1400
ML,Metagenomics,Date,499,1400
ML,Metagenomics,Ecoregion,990,1400
ML,Metagenomics,Engineered,3413,1400
ML,Metagenomics,Gene,7716,1400
ML,Metagenomics,Host,13923,1400
ML,Metagenomics,Kit,385,1400
ML,Metagenomics,LCM,165,1400
ML,Metagenomics,LS,1362,1400
ML,Metagenomics,Place,5023,1400
ML,Metagenomics,Primer,690,1400
ML,Metagenomics,Sample-Material,10561,1400
ML,Metagenomics,Sequencing,1156,1400
ML,Metagenomics,Site,1687,1400
ML,Metagenomics,State,70018,1400
ML,Metagenomics,Treatment,22354,1400
ML,OntoGene,Organ Tissue,4,1400
ML,OntoGene,Sequence,3,1400
ML,Open Targets Platform,Gene Disease Relationship,1,1400
ML,Open Targets Platform,Gene Drug Relationship,1,1400
Dictionary,Biostudies,Accession Numbers,17,1500
Dictionary,Biostudies,Chemicals,12,1500
Dictionary,Biostudies,Diseases,4,1500
Dictionary,Biostudies,Experimental Methods,5,1500
Dictionary,Biostudies,Gene Ontology,3,1500
Dictionary,Biostudies,Gene_Proteins,28,1500
Dictionary,Biostudies,Organisms,32,1500
Dictionary,Europe PMC,Accession Numbers,1546,1500
Dictionary,Europe PMC,Chemicals,27787,1500
Dictionary,Europe PMC,Diseases,11900,1500
Dictionary,Europe PMC,Experimental Methods,6249,1500
Dictionary,Europe PMC,Gene Ontology,13596,1500
Dictionary,Europe PMC,Gene_Proteins,19408,1500
Dictionary,Europe PMC,Organisms,52616,1500
Dictionary,Europe PMC,Resources,286,1500
Dictionary,Metagenomics,Body-Site,14,1500
Dictionary,Metagenomics,Date,2,1500
Dictionary,Metagenomics,Engineered,2,1500
Dictionary,Metagenomics,Gene,2,1500
Dictionary,Metagenomics,Host,23,1500
Dictionary,Metagenomics,Kit,1,1500
Dictionary,Metagenomics,LS,2,1500
Dictionary,Metagenomics,Place,5,1500
Dictionary,Metagenomics,Sample-Material,19,1500
Dictionary,Metagenomics,State,144,1500
Dictionary,Metagenomics,Treatment,34,1500
Dictionary,OntoGene,Organ Tissue,4,1500
Dictionary,OntoGene,Sequence,3,1500
Dictionary,Open Targets Platform,Gene Disease Relationship,1,1500
Dictionary,Open Targets Platform,Gene Drug Relationship,1,1500
ML,Biostudies,Accession Numbers,17,1500
ML,Biostudies,Chemicals,12,1500
ML,Biostudies,Diseases,4,1500
ML,Biostudies,Experimental Methods,5,1500
ML,Biostudies,Gene Ontology,3,1500
ML,Biostudies,Gene_Proteins,28,1500
ML,Biostudies,Organisms,32,1500
ML,Europe PMC,Chemicals,28297,1500
ML,Europe PMC,Diseases,13229,1500
ML,Europe PMC,Experimental Methods,4214,1500
ML,Europe PMC,Gene Ontology,11317,1500
ML,Europe PMC,Gene_Proteins,21305,1500
ML,Europe PMC,Organisms,62395,1500
ML,Metagenomics,Body-Site,11234,1500
ML,Metagenomics,Date,499,1500
ML,Metagenomics,Ecoregion,990,1500
ML,Metagenomics,Engineered,3413,1500
ML,Metagenomics,Gene,7716,1500
ML,Metagenomics,Host,13923,1500
ML,Metagenomics,Kit,385,1500
ML,Metagenomics,LCM,165,1500
ML,Metagenomics,LS,1362,1500
ML,Metagenomics,Place,5023,1500
ML,Metagenomics,Primer,690,1500
ML,Metagenomics,Sample-Material,10561,1500
ML,Metagenomics,Sequencing,1156,1500
ML,Metagenomics,Site,1687,1500
ML,Metagenomics,State,70018,1500
ML,Metagenomics,Treatment,22354,1500
ML,OntoGene,Organ Tissue,4,1500
ML,OntoGene,Sequence,3,1500
ML,Open Targets Platform,Gene Disease Relationship,1,1500
ML,Open Targets Platform,Gene Drug Relationship,1,1500
Dictionary,Biostudies,Accession Numbers,17,1600
Dictionary,Biostudies,Chemicals,12,1600
Dictionary,Biostudies,Diseases,4,1600
Dictionary,Biostudies,Experimental Methods,5,1600
Dictionary,Biostudies,Gene Ontology,3,1600
Dictionary,Biostudies,Gene_Proteins,28,1600
Dictionary,Biostudies,Organisms,32,1600
Dictionary,Europe PMC,Accession Numbers,1546,1600
Dictionary,Europe PMC,Chemicals,27787,1600
Dictionary,Europe PMC,Diseases,11900,1600
Dictionary,Europe PMC,Experimental Methods,6249,1600
Dictionary,Europe PMC,Gene Ontology,13596,1600
Dictionary,Europe PMC,Gene_Proteins,19408,1600
Dictionary,Europe PMC,Organisms,52616,1600
Dictionary,Europe PMC,Resources,286,1600
Dictionary,Metagenomics,Body-Site,14,1600
Dictionary,Metagenomics,Date,2,1600
Dictionary,Metagenomics,Engineered,2,1600
Dictionary,Metagenomics,Gene,2,1600
Dictionary,Metagenomics,Host,23,1600
Dictionary,Metagenomics,Kit,1,1600
Dictionary,Metagenomics,LS,2,1600
Dictionary,Metagenomics,Place,5,1600
Dictionary,Metagenomics,Sample-Material,19,1600
Dictionary,Metagenomics,State,144,1600
Dictionary,Metagenomics,Treatment,34,1600
Dictionary,OntoGene,Organ Tissue,4,1600
Dictionary,OntoGene,Sequence,3,1600
Dictionary,Open Targets Platform,Gene Disease Relationship,1,1600
Dictionary,Open Targets Platform,Gene Drug Relationship,1,1600
ML,Biostudies,Accession Numbers,17,1600
ML,Biostudies,Chemicals,12,1600
ML,Biostudies,Diseases,4,1600
ML,Biostudies,Experimental Methods,5,1600
ML,Biostudies,Gene Ontology,3,1600
ML,Biostudies,Gene_Proteins,28,1600
ML,Biostudies,Organisms,32,1600
ML,Europe PMC,Chemicals,28297,1600
ML,Europe PMC,Diseases,13229,1600
ML,Europe PMC,Experimental Methods,4214,1600
ML,Europe PMC,Gene Ontology,11317,1600
ML,Europe PMC,Gene_Proteins,21305,1600
ML,Europe PMC,Organisms,62395,1600
ML,Metagenomics,Body-Site,11234,1600
ML,Metagenomics,Date,499,1600
ML,Metagenomics,Ecoregion,990,1600
ML,Metagenomics,Engineered,3413,1600
ML,Metagenomics,Gene,7716,1600
ML,Metagenomics,Host,13923,1600
ML,Metagenomics,Kit,385,1600
ML,Metagenomics,LCM,165,1600
ML,Metagenomics,LS,1362,1600
ML,Metagenomics,Place,5023,1600
ML,Metagenomics,Primer,690,1600
ML,Metagenomics,Sample-Material,10561,1600
ML,Metagenomics,Sequencing,1156,1600
ML,Metagenomics,Site,1687,1600
ML,Metagenomics,State,70018,1600
ML,Metagenomics,Treatment,22354,1600
ML,OntoGene,Organ Tissue,4,1600
ML,OntoGene,Sequence,3,1600
ML,Open Targets Platform,Gene Disease Relationship,1,1600
ML,Open Targets Platform,Gene Drug Relationship,1,1600
Dictionary,Biostudies,Accession Numbers,17,1700
Dictionary,Biostudies,Chemicals,12,1700
Dictionary,Biostudies,Diseases,4,1700
Dictionary,Biostudies,Experimental Methods,5,1700
Dictionary,Biostudies,Gene Ontology,3,1700
Dictionary,Biostudies,Gene_Proteins,28,1700
Dictionary,Biostudies,Organisms,32,1700
Dictionary,Europe PMC,Accession Numbers,1546,1700
Dictionary,Europe PMC,Chemicals,27787,1700
Dictionary,Europe PMC,Diseases,11900,1700
Dictionary,Europe PMC,Experimental Methods,6249,1700
Dictionary,Europe PMC,Gene Ontology,13596,1700
Dictionary,Europe PMC,Gene_Proteins,19408,1700
Dictionary,Europe PMC,Organisms,52616,1700
Dictionary,Europe PMC,Resources,286,1700
Dictionary,Metagenomics,Body-Site,14,1700
Dictionary,Metagenomics,Date,2,1700
Dictionary,Metagenomics,Engineered,2,1700
Dictionary,Metagenomics,Gene,2,1700
Dictionary,Metagenomics,Host,23,1700
Dictionary,Metagenomics,Kit,1,1700
Dictionary,Metagenomics,LS,2,1700
Dictionary,Metagenomics,Place,5,1700
Dictionary,Metagenomics,Sample-Material,19,1700
Dictionary,Metagenomics,State,144,1700
Dictionary,Metagenomics,Treatment,34,1700
Dictionary,OntoGene,Organ Tissue,4,1700
Dictionary,OntoGene,Sequence,3,1700
Dictionary,Open Targets Platform,Gene Disease Relationship,1,1700
Dictionary,Open Targets Platform,Gene Drug Relationship,1,1700
ML,Biostudies,Accession Numbers,17,1700
ML,Biostudies,Chemicals,12,1700
ML,Biostudies,Diseases,4,1700
ML,Biostudies,Experimental Methods,5,1700
ML,Biostudies,Gene Ontology,3,1700
ML,Biostudies,Gene_Proteins,28,1700
ML,Biostudies,Organisms,32,1700
ML,Europe PMC,Chemicals,28297,1700
ML,Europe PMC,Diseases,13229,1700
ML,Europe PMC,Experimental Methods,4214,1700
ML,Europe PMC,Gene Ontology,11317,1700
ML,Europe PMC,Gene_Proteins,21305,1700
ML,Europe PMC,Organisms,62395,1700
ML,Metagenomics,Body-Site,11234,1700
ML,Metagenomics,Date,499,1700
ML,Metagenomics,Ecoregion,990,1700
ML,Metagenomics,Engineered,3413,1700
ML,Metagenomics,Gene,7716,1700
ML,Metagenomics,Host,13923,1700
ML,Metagenomics,Kit,385,1700
ML,Metagenomics,LCM,165,1700
ML,Metagenomics,LS,1362,1700
ML,Metagenomics,Place,5023,1700
ML,Metagenomics,Primer,690,1700
ML,Metagenomics,Sample-Material,10561,1700
ML,Metagenomics,Sequencing,1156,1700
ML,Metagenomics,Site,1687,1700
ML,Metagenomics,State,70018,1700
ML,Metagenomics,Treatment,22354,1700
ML,OntoGene,Organ Tissue,4,1700
ML,OntoGene,Sequence,3,1700
ML,Open Targets Platform,Gene Disease Relationship,1,1700
ML,Open Targets Platform,Gene Drug Relationship,1,1700
Dictionary,Biostudies,Accession Numbers,17,1800
Dictionary,Biostudies,Chemicals,12,1800
Dictionary,Biostudies,Diseases,4,1800
Dictionary,Biostudies,Experimental Methods,5,1800
Dictionary,Biostudies,Gene Ontology,3,1800
Dictionary,Biostudies,Gene_Proteins,28,1800
Dictionary,Biostudies,Organisms,32,1800
Dictionary,Europe PMC,Accession Numbers,1546,1800
Dictionary,Europe PMC,Chemicals,27787,1800
Dictionary,Europe PMC,Diseases,11900,1800
Dictionary,Europe PMC,Experimental Methods,6249,1800
Dictionary,Europe PMC,Gene Ontology,13596,1800
Dictionary,Europe PMC,Gene_Proteins,19408,1800
Dictionary,Europe PMC,Organisms,52616,1800
Dictionary,Europe PMC,Resources,286,1800
Dictionary,Metagenomics,Body-Site,14,1800
Dictionary,Metagenomics,Date,2,1800
Dictionary,Metagenomics,Engineered,2,1800
Dictionary,Metagenomics,Gene,2,1800
Dictionary,Metagenomics,Host,23,1800
Dictionary,Metagenomics,Kit,1,1800
Dictionary,Metagenomics,LS,2,1800
Dictionary,Metagenomics,Place,5,1800
Dictionary,Metagenomics,Sample-Material,19,1800
Dictionary,Metagenomics,State,144,1800
Dictionary,Metagenomics,Treatment,34,1800
Dictionary,OntoGene,Organ Tissue,4,1800
Dictionary,OntoGene,Sequence,3,1800
Dictionary,Open Targets Platform,Gene Disease Relationship,1,1800
Dictionary,Open Targets Platform,Gene Drug Relationship,1,1800
ML,Biostudies,Accession Numbers,17,1800
ML,Biostudies,Chemicals,12,1800
ML,Biostudies,Diseases,4,1800
ML,Biostudies,Experimental Methods,5,1800
ML,Biostudies,Gene Ontology,3,1800
ML,Biostudies,Gene_Proteins,28,1800
ML,Biostudies,Organisms,32,1800
ML,Europe PMC,Chemicals,28297,1800
ML,Europe PMC,Diseases,13229,1800
ML,Europe PMC,Experimental Methods,4214,1800
ML,Europe PMC,Gene Ontology,11317,1800
ML,Europe PMC,Gene_Proteins,21305,1800
ML,Europe PMC,Organisms,62395,1800
ML,Metagenomics,Body-Site,11234,1800
ML,Metagenomics,Date,499,1800
ML,Metagenomics,Ecoregion,990,1800
ML,Metagenomics,Engineered,3413,1800
ML,Metagenomics,Gene,7716,1800
ML,Metagenomics,Host,13923,1800
ML,Metagenomics,Kit,385,1800
ML,Metagenomics,LCM,165,1800
ML,Metagenomics,LS,1362,1800
ML,Metagenomics,Place,5023,1800
ML,Metagenomics,Primer,690,1800
ML,Metagenomics,Sample-Material,10561,1800
ML,Metagenomics,Sequencing,1156,1800
ML,Metagenomics,Site,1687,1800
ML,Metagenomics,State,70018,1800
ML,Metagenomics,Treatment,22354,1800
ML,OntoGene,Organ Tissue,4,1800
ML,OntoGene,Sequence,3,1800
ML,Open Targets Platform,Gene Disease Relationship,1,1800
ML,Open Targets Platform,Gene Drug Relationship,1,1800
Dictionary,Biostudies,Accession Numbers,17,1900
Dictionary,Biostudies,Chemicals,12,1900
Dictionary,Biostudies,Diseases,4,1900
Dictionary,Biostudies,Experimental Methods,5,1900
Dictionary,Biostudies,Gene Ontology,3,1900
Dictionary,Biostudies,Gene_Proteins,28,1900
Dictionary,Biostudies,Organisms,32,1900
Dictionary,Europe PMC,Accession Numbers,1546,1900
Dictionary,Europe PMC,Chemicals,27787,1900
Dictionary,Europe PMC,Diseases,11900,1900
Dictionary,Europe PMC,Experimental Methods,6249,1900
Dictionary,Europe PMC,Gene Ontology,13596,1900
Dictionary,Europe PMC,Gene_Proteins,19408,1900
Dictionary,Europe PMC,Organisms,52616,1900
Dictionary,Europe PMC,Resources,286,1900
Dictionary,Metagenomics,Body-Site,14,1900
Dictionary,Metagenomics,Date,2,1900
Dictionary,Metagenomics,Engineered,2,1900
Dictionary,Metagenomics,Gene,2,1900
Dictionary,Metagenomics,Host,23,1900
Dictionary,Metagenomics,Kit,1,1900
Dictionary,Metagenomics,LS,2,1900
Dictionary,Metagenomics,Place,5,1900
Dictionary,Metagenomics,Sample-Material,19,1900
Dictionary,Metagenomics,State,144,1900
Dictionary,Metagenomics,Treatment,34,1900
Dictionary,OntoGene,Organ Tissue,4,1900
Dictionary,OntoGene,Sequence,3,1900
Dictionary,Open Targets Platform,Gene Disease Relationship,1,1900
Dictionary,Open Targets Platform,Gene Drug Relationship,1,1900
ML,Biostudies,Accession Numbers,17,1900
ML,Biostudies,Chemicals,12,1900
ML,Biostudies,Diseases,4,1900
ML,Biostudies,Experimental Methods,5,1900
ML,Biostudies,Gene Ontology,3,1900
ML,Biostudies,Gene_Proteins,28,1900
ML,Biostudies,Organisms,32,1900
ML,Europe PMC,Chemicals,28297,1900
ML,Europe PMC,Diseases,13229,1900
ML,Europe PMC,Experimental Methods,4214,1900
ML,Europe PMC,Gene Ontology,11317,1900
ML,Europe PMC,Gene_Proteins,21305,1900
ML,Europe PMC,Organisms,62395,1900
ML,Metagenomics,Body-Site,11234,1900
ML,Metagenomics,Date,499,1900
ML,Metagenomics,Ecoregion,990,1900
ML,Metagenomics,Engineered,3413,1900
ML,Metagenomics,Gene,7716,1900
ML,Metagenomics,Host,13923,1900
ML,Metagenomics,Kit,385,1900
ML,Metagenomics,LCM,165,1900
ML,Metagenomics,LS,1362,1900
ML,Metagenomics,Place,5023,1900
ML,Metagenomics,Primer,690,1900
ML,Metagenomics,Sample-Material,10561,1900
ML,Metagenomics,Sequencing,1156,1900
ML,Metagenomics,Site,1687,1900
ML,Metagenomics,State,70018,1900
ML,Metagenomics,Treatment,22354,1900
ML,OntoGene,Organ Tissue,4,1900
ML,OntoGene,Sequence,3,1900
ML,Open Targets Platform,Gene Disease Relationship,1,1900
ML,Open Targets Platform,Gene Drug Relationship,1,1900
Dictionary,Biostudies,Accession Numbers,17,2000
Dictionary,Biostudies,Chemicals,12,2000
Dictionary,Biostudies,Diseases,4,2000
Dictionary,Biostudies,Experimental Methods,5,2000
Dictionary,Biostudies,Gene Ontology,3,2000
Dictionary,Biostudies,Gene_Proteins,28,2000
Dictionary,Biostudies,Organisms,32,2000
Dictionary,Europe PMC,Accession Numbers,1546,2000
Dictionary,Europe PMC,Chemicals,27787,2000
Dictionary,Europe PMC,Diseases,11900,2000
Dictionary,Europe PMC,Experimental Methods,6249,2000
Dictionary,Europe PMC,Gene Ontology,13596,2000
Dictionary,Europe PMC,Gene_Proteins,19408,2000
Dictionary,Europe PMC,Organisms,52616,2000
Dictionary,Europe PMC,Resources,286,2000
Dictionary,Metagenomics,Body-Site,14,2000
Dictionary,Metagenomics,Date,2,2000
Dictionary,Metagenomics,Engineered,2,2000
Dictionary,Metagenomics,Gene,2,2000
Dictionary,Metagenomics,Host,23,2000
Dictionary,Metagenomics,Kit,1,2000
Dictionary,Metagenomics,LS,2,2000
Dictionary,Metagenomics,Place,5,2000
Dictionary,Metagenomics,Sample-Material,19,2000
Dictionary,Metagenomics,State,144,2000
Dictionary,Metagenomics,Treatment,34,2000
Dictionary,OntoGene,Organ Tissue,4,2000
Dictionary,OntoGene,Sequence,3,2000
Dictionary,Open Targets Platform,Gene Disease Relationship,1,2000
Dictionary,Open Targets Platform,Gene Drug Relationship,1,2000
ML,Biostudies,Accession Numbers,17,2000
ML,Biostudies,Chemicals,12,2000
ML,Biostudies,Diseases,4,2000
ML,Biostudies,Experimental Methods,5,2000
ML,Biostudies,Gene Ontology,3,2000
ML,Biostudies,Gene_Proteins,28,2000
ML,Biostudies,Organisms,32,2000
ML,Europe PMC,Chemicals,28297,2000
ML,Europe PMC,Diseases,13229,2000
ML,Europe PMC,Experimental Methods,4214,2000
ML,Europe PMC,Gene Ontology,11317,2000
ML,Europe PMC,Gene_Proteins,21305,2000
ML,Europe PMC,Organisms,62395,2000
ML,Metagenomics,Body-Site,11234,2000
ML,Metagenomics,Date,499,2000
ML,Metagenomics,Ecoregion,990,2000
ML,Metagenomics,Engineered,3413,2000
ML,Metagenomics,Gene,7716,2000
ML,Metagenomics,Host,13923,2000
ML,Metagenomics,Kit,385,2000
ML,Metagenomics,LCM,165,2000
ML,Metagenomics,LS,1362,2000
ML,Metagenomics,Place,5023,2000
ML,Metagenomics,Primer,690,2000
ML,Metagenomics,Sample-Material,10561,2000
ML,Metagenomics,Sequencing,1156,2000
ML,Metagenomics,Site,1687,2000
ML,Metagenomics,State,70018,2000
ML,Metagenomics,Treatment,22354,2000
ML,OntoGene,Organ Tissue,4,2000
ML,OntoGene,Sequence,3,2000
ML,Open Targets Platform,Gene Disease Relationship,1,2000
ML,Open Targets Platform,Gene Drug Relationship,1,2000
Dictionary,Biostudies,Accession Numbers,17,2100
Dictionary,Biostudies,Chemicals,12,2100
Dictionary,Biostudies,Diseases,4,2100
Dictionary,Biostudies,Experimental Methods,5,2100
Dictionary,Biostudies,Gene Ontology,3,2100
Dictionary,Biostudies,Gene_Proteins,28,2100
Dictionary,Biostudies,Organisms,32,2100
Dictionary,Europe PMC,Accession Numbers,1546,2100
Dictionary,Europe PMC,Chemicals,27787,2100
Dictionary,Europe PMC,Diseases,11900,2100
Dictionary,Europe PMC,Experimental Methods,6249,2100
Dictionary,Europe PMC,Gene Ontology,13596,2100
Dictionary,Europe PMC,Gene_Proteins,19408,2100
Dictionary,Europe PMC,Organisms,52616,2100
Dictionary,Europe PMC,Resources,286,2100
Dictionary,Metagenomics,Body-Site,14,2100
Dictionary,Metagenomics,Date,2,2100
Dictionary,Metagenomics,Engineered,2,2100
Dictionary,Metagenomics,Gene,2,2100
Dictionary,Metagenomics,Host,23,2100
Dictionary,Metagenomics,Kit,1,2100
Dictionary,Metagenomics,LS,2,2100
Dictionary,Metagenomics,Place,5,2100
Dictionary,Metagenomics,Sample-Material,19,2100
Dictionary,Metagenomics,State,144,2100
Dictionary,Metagenomics,Treatment,34,2100
Dictionary,OntoGene,Organ Tissue,4,2100
Dictionary,OntoGene,Sequence,3,2100
Dictionary,Open Targets Platform,Gene Disease Relationship,1,2100
Dictionary,Open Targets Platform,Gene Drug Relationship,1,2100
ML,Biostudies,Accession Numbers,17,2100
ML,Biostudies,Chemicals,12,2100
ML,Biostudies,Diseases,4,2100
ML,Biostudies,Experimental Methods,5,2100
ML,Biostudies,Gene Ontology,3,2100
ML,Biostudies,Gene_Proteins,28,2100
ML,Biostudies,Organisms,32,2100
ML,Europe PMC,Chemicals,28297,2100
ML,Europe PMC,Diseases,13229,2100
ML,Europe PMC,Experimental Methods,4214,2100
ML,Europe PMC,Gene Ontology,11317,2100
ML,Europe PMC,Gene_Proteins,21305,2100
ML,Europe PMC,Organisms,62395,2100
ML,Metagenomics,Body-Site,11234,2100
ML,Metagenomics,Date,499,2100
ML,Metagenomics,Ecoregion,990,2100
ML,Metagenomics,Engineered,3413,2100
ML,Metagenomics,Gene,7716,2100
ML,Metagenomics,Host,13923,2100
ML,Metagenomics,Kit,385,2100
ML,Metagenomics,LCM,165,2100
ML,Metagenomics,LS,1362,2100
ML,Metagenomics,Place,5023,2100
ML,Metagenomics,Primer,690,2100
ML,Metagenomics,Sample-Material,10561,2100
ML,Metagenomics,Sequencing,1156,2100
ML,Metagenomics,Site,1687,2100
ML,Metagenomics,State,70018,2100
ML,Metagenomics,Treatment,22354,2100
ML,OntoGene,Organ Tissue,4,2100
ML,OntoGene,Sequence,3,2100
ML,Open Targets Platform,Gene Disease Relationship,1,2100
ML,Open Targets Platform,Gene Drug Relationship,1,2100
Dictionary,Biostudies,Accession Numbers,17,2200
Dictionary,Biostudies,Chemicals,12,2200
Dictionary,Biostudies,Diseases,4,2200
Dictionary,Biostudies,Experimental Methods,5,2200
Dictionary,Biostudies,Gene Ontology,3,2200
Dictionary,Biostudies,Gene_Proteins,28,2200
Dictionary,Biostudies,Organisms,32,2200
Dictionary,Europe PMC,Accession Numbers,1546,2200
Dictionary,Europe PMC,Chemicals,27787,2200
Dictionary,Europe PMC,Diseases,11900,2200
Dictionary,Europe PMC,Experimental Methods,6249,2200
Dictionary,Europe PMC,Gene Ontology,13596,2200
Dictionary,Europe PMC,Gene_Proteins,19408,2200
Dictionary,Europe PMC,Organisms,52616,2200
Dictionary,Europe PMC,Resources,286,2200
Dictionary,Metagenomics,Body-Site,14,2200
Dictionary,Metagenomics,Date,2,2200
Dictionary,Metagenomics,Engineered,2,2200
Dictionary,Metagenomics,Gene,2,2200
Dictionary,Metagenomics,Host,23,2200
Dictionary,Metagenomics,Kit,1,2200
Dictionary,Metagenomics,LS,2,2200
Dictionary,Metagenomics,Place,5,2200
Dictionary,Metagenomics,Sample-Material,19,2200
Dictionary,Metagenomics,State,144,2200
Dictionary,Metagenomics,Treatment,34,2200
Dictionary,OntoGene,Organ Tissue,4,2200
Dictionary,OntoGene,Sequence,3,2200
Dictionary,Open Targets Platform,Gene Disease Relationship,1,2200
Dictionary,Open Targets Platform,Gene Drug Relationship,1,2200
ML,Biostudies,Accession Numbers,17,2200
ML,Biostudies,Chemicals,12,2200
ML,Biostudies,Diseases,4,2200
ML,Biostudies,Experimental Methods,5,2200
ML,Biostudies,Gene Ontology,3,2200
ML,Biostudies,Gene_Proteins,28,2200
ML,Biostudies,Organisms,32,2200
ML,Europe PMC,Chemicals,28297,2200
ML,Europe PMC,Diseases,13229,2200
ML,Europe PMC,Experimental Methods,4214,2200
ML,Europe PMC,Gene Ontology,11317,2200
ML,Europe PMC,Gene_Proteins,21305,2200
ML,Europe PMC,Organisms,62395,2200
ML,Metagenomics,Body-Site,11234,2200
ML,Metagenomics,Date,499,2200
ML,Metagenomics,Ecoregion,990,2200
ML,Metagenomics,Engineered,3413,2200
ML,Metagenomics,Gene,7716,2200
ML,Metagenomics,Host,13923,2200
ML,Metagenomics,Kit,385,2200
ML,Metagenomics,LCM,165,2200
ML,Metagenomics,LS,1362,2200
ML,Metagenomics,Place,5023,2200
ML,Metagenomics,Primer,690,2200
ML,Metagenomics,Sample-Material,10561,2200
ML,Metagenomics,Sequencing,1156,2200
ML,Metagenomics,Site,1687,2200
ML,Metagenomics,State,70018,2200
ML,Metagenomics,Treatment,22354,2200
ML,OntoGene,Organ Tissue,4,2200
ML,OntoGene,Sequence,3,2200
ML,Open Targets Platform,Gene Disease Relationship,1,2200
ML,Open Targets Platform,Gene Drug Relationship,1,2200
Dictionary,Biostudies,Accession Numbers,17,2300
Dictionary,Biostudies,Chemicals,12,2300
Dictionary,Biostudies,Diseases,4,2300
Dictionary,Biostudies,Experimental Methods,5,2300
Dictionary,Biostudies,Gene Ontology,3,2300
Dictionary,Biostudies,Gene_Proteins,28,2300
Dictionary,Biostudies,Organisms,32,2300
Dictionary,Europe PMC,Accession Numbers,1546,2300
Dictionary,Europe PMC,Chemicals,27787,2300
Dictionary,Europe PMC,Diseases,11900,2300
Dictionary,Europe PMC,Experimental Methods,6249,2300
Dictionary,Europe PMC,Gene Ontology,13596,2300
Dictionary,Europe PMC,Gene_Proteins,19408,2300
Dictionary,Europe PMC,Organisms,52616,2300
Dictionary,Europe PMC,Resources,286,2300
Dictionary,Metagenomics,Body-Site,14,2300
Dictionary,Metagenomics,Date,2,2300
Dictionary,Metagenomics,Engineered,2,2300
Dictionary,Metagenomics,Gene,2,2300
Dictionary,Metagenomics,Host,23,2300
Dictionary,Metagenomics,Kit,1,2300
Dictionary,Metagenomics,LS,2,2300
Dictionary,Metagenomics,Place,5,2300
Dictionary,Metagenomics,Sample-Material,19,2300
Dictionary,Metagenomics,State,144,2300
Dictionary,Metagenomics,Treatment,34,2300
Dictionary,OntoGene,Organ Tissue,4,2300
Dictionary,OntoGene,Sequence,3,2300
Dictionary,Open Targets Platform,Gene Disease Relationship,1,2300
Dictionary,Open Targets Platform,Gene Drug Relationship,1,2300
ML,Biostudies,Accession Numbers,17,2300
ML,Biostudies,Chemicals,12,2300
ML,Biostudies,Diseases,4,2300
ML,Biostudies,Experimental Methods,5,2300
ML,Biostudies,Gene Ontology,3,2300
ML,Biostudies,Gene_Proteins,28,2300
ML,Biostudies,Organisms,32,2300
ML,Europe PMC,Chemicals,28297,2300
ML,Europe PMC,Diseases,13229,2300
ML,Europe PMC,Experimental Methods,4214,2300
ML,Europe PMC,Gene Ontology,11317,2300
ML,Europe PMC,Gene_Proteins,21305,2300
ML,Europe PMC,Organisms,62395,2300
ML,Metagenomics,Body-Site,11234,2300
ML,Metagenomics,Date,499,2300
ML,Metagenomics,Ecoregion,990,2300
ML,Metagenomics,Engineered,3413,2300
ML,Metagenomics,Gene,7716,2300
ML,Metagenomics,Host,13923,2300
ML,Metagenomics,Kit,385,2300
ML,Metagenomics,LCM,165,2300
ML,Metagenomics,LS,1362,2300
ML,Metagenomics,Place,5023,2300
ML,Metagenomics,Primer,690,2300
ML,Metagenomics,Sample-Material,10561,2300
ML,Metagenomics,Sequencing,1156,2300
ML,Metagenomics,Site,1687,2300
ML,Metagenomics,State,70018,2300
ML,Metagenomics,Treatment,22354,2300
ML,OntoGene,Organ Tissue,4,2300
ML,OntoGene,Sequence,3,2300
ML,Open Targets Platform,Gene Disease Relationship,1,2300
ML,Open Targets Platform,Gene Drug Relationship,1,2300
Dictionary,Biostudies,Accession Numbers,17,2400
Dictionary,Biostudies,Chemicals,12,2400
Dictionary,Biostudies,Diseases,4,2400
Dictionary,Biostudies,Experimental Methods,5,2400
Dictionary,Biostudies,Gene Ontology,3,2400
Dictionary,Biostudies,Gene_Proteins,28,2400
Dictionary,Biostudies,Organisms,32,2400
Dictionary,Europe PMC,Accession Numbers,1546,2400
Dictionary,Europe PMC,Chemicals,27787,2400
Dictionary,Europe PMC,Diseases,11900,2400
Dictionary,Europe PMC,Experimental Methods,6249,2400
Dictionary,Europe PMC,Gene Ontology,13596,2400
Dictionary,Europe PMC,Gene_Proteins,19408,2400
Dictionary,Europe PMC,Organisms,52616,2400
Dictionary,Europe PMC,Resources,286,2400
Dictionary,Metagenomics,Body-Site,14,2400
Dictionary,Metagenomics,Date,2,2400
Dictionary,Metagenomics,Engineered,2,2400
Dictionary,Metagenomics,Gene,2,2400
Dictionary,Metagenomics,Host,23,2400
Dictionary,Metagenomics,Kit,1,2400
Dictionary,Metagenomics,LS,2,2400
Dictionary,Metagenomics,Place,5,2400
Dictionary,Metagenomics,Sample-Material,19,2400
Dictionary,Metagenomics,State,144,2400
Dictionary,Metagenomics,Treatment,34,2400
Dictionary,OntoGene,Organ Tissue,4,2400
Dictionary,OntoGene,Sequence,3,2400
Dictionary,Open Targets Platform,Gene Disease Relationship,1,2400
Dictionary,Open Targets Platform,Gene Drug Relationship,1,2400
ML,Biostudies,Accession Numbers,17,2400
ML,Biostudies,Chemicals,12,2400
ML,Biostudies,Diseases,4,2400
ML,Biostudies,Experimental Methods,5,2400
ML,Biostudies,Gene Ontology,3,2400
ML,Biostudies,Gene_Proteins,28,2400
ML,Biostudies,Organisms,32,2400
ML,Europe PMC,Chemicals,28297,2400
ML,Europe PMC,Diseases,13229,2400
ML,Europe PMC,Experimental Methods,4214,2400
ML,Europe PMC,Gene Ontology,11317,2400
ML,Europe PMC,Gene_Proteins,21305,2400
ML,Europe PMC,Organisms,62395,2400
ML,Metagenomics,Body-Site,11234,2400
ML,Metagenomics,Date,499,2400
ML,Metagenomics,Ecoregion,990,2400
ML,Metagenomics,Engineered,3413,2400
ML,Metagenomics,Gene,7716,2400
ML,Metagenomics,Host,13923,2400
ML,Metagenomics,Kit,385,2400
ML,Metagenomics,LCM,165,2400
ML,Metagenomics,LS,1362,2400
ML,Metagenomics,Place,5023,2400
ML,Metagenomics,Primer,690,2400
ML,Metagenomics,Sample-Material,10561,2400
ML,Metagenomics,Sequencing,1156,2400
ML,Metagenomics,Site,1687,2400
ML,Metagenomics,State,70018,2400
ML,Metagenomics,Treatment,22354,2400
ML,OntoGene,Organ Tissue,4,2400
ML,OntoGene,Sequence,3,2400
ML,Open Targets Platform,Gene Disease Relationship,1,2400
ML,Open Targets Platform,Gene Drug Relationship,1,2400
Dictionary,Biostudies,Accession Numbers,17,2500
Dictionary,Biostudies,Chemicals,12,2500
Dictionary,Biostudies,Diseases,4,2500
Dictionary,Biostudies,Experimental Methods,5,2500
Dictionary,Biostudies,Gene Ontology,3,2500
Dictionary,Biostudies,Gene_Proteins,28,2500
Dictionary,Biostudies,Organisms,32,2500
Dictionary,Europe PMC,Accession Numbers,1546,2500
Dictionary,Europe PMC,Chemicals,27787,2500
Dictionary,Europe PMC,Diseases,11900,2500
Dictionary,Europe PMC,Experimental Methods,6249,2500
Dictionary,Europe PMC,Gene Ontology,13596,2500
Dictionary,Europe PMC,Gene_Proteins,19408,2500
Dictionary,Europe PMC,Organisms,52616,2500
Dictionary,Europe PMC,Resources,286,2500
Dictionary,Metagenomics,Body-Site,14,2500
Dictionary,Metagenomics,Date,2,2500
Dictionary,Metagenomics,Engineered,2,2500
Dictionary,Metagenomics,Gene,2,2500
Dictionary,Metagenomics,Host,23,2500
Dictionary,Metagenomics,Kit,1,2500
Dictionary,Metagenomics,LS,2,2500
Dictionary,Metagenomics,Place,5,2500
Dictionary,Metagenomics,Sample-Material,19,2500
Dictionary,Metagenomics,State,144,2500
Dictionary,Metagenomics,Treatment,34,2500
Dictionary,OntoGene,Organ Tissue,4,2500
Dictionary,OntoGene,Sequence,3,2500
Dictionary,Open Targets Platform,Gene Disease Relationship,1,2500
Dictionary,Open Targets Platform,Gene Drug Relationship,1,2500
ML,Biostudies,Accession Numbers,17,2500
ML,Biostudies,Chemicals,12,2500
ML,Biostudies,Diseases,4,2500
ML,Biostudies,Experimental Methods,5,2500
ML,Biostudies,Gene Ontology,3,2500
ML,Biostudies,Gene_Proteins,28,2500
ML,Biostudies,Organisms,32,2500
ML,Europe PMC,Chemicals,28297,2500
ML,Europe PMC,Diseases,13229,2500
ML,Europe PMC,Experimental Methods,4214,2500
ML,Europe PMC,Gene Ontology,11317,2500
ML,Europe PMC,Gene_Proteins,21305,2500
ML,Europe PMC,Organisms,62395,2500
ML,Metagenomics,Body-Site,11234,2500
ML,Metagenomics,Date,499,2500
ML,Metagenomics,Ecoregion,990,2500
ML,Metagenomics,Engineered,3413,2500
ML,Metagenomics,Gene,7716,2500
ML,Metagenomics,Host,13923,2500
ML,Metagenomics,Kit,385,2500
ML,Metagenomics,LCM,165,2500
ML,Metagenomics,LS,1362,2500
ML,Metagenomics,Place,5023,2500
ML,Metagenomics,Primer,690,2500
ML,Metagenomics,Sample-Material,10561,2500
ML,Metagenomics,Sequencing,1156,2500
ML,Metagenomics,Site,1687,2500
ML,Metagenomics,State,70018,2500
ML,Metagenomics,Treatment,22354,2500
ML,OntoGene,Organ Tissue,4,2500
ML,OntoGene,Sequence,3,2500
ML,Open Targets Platform,Gene Disease Relationship,1,2500
ML,Open Targets Platform,Gene Drug Relationship,1,2500
Dictionary,Biostudies,Accession Numbers,17,2600
Dictionary,Biostudies,Chemicals,12,2600
Dictionary,Biostudies,Diseases,4,2600
Dictionary,Biostudies,Experimental Methods,5,2600
Dictionary,Biostudies,Gene Ontology,3,2600
Dictionary,Biostudies,Gene_Proteins,28,2600
Dictionary,Biostudies,Organisms,32,2600
Dictionary,Europe PMC,Accession Numbers,1546,2600
Dictionary,Europe PMC,Chemicals,27787,2600
Dictionary,Europe PMC,Diseases,11900,2600
Dictionary,Europe PMC,Experimental Methods,6249,2600
Dictionary,Europe PMC,Gene Ontology,13596,2600
Dictionary,Europe PMC,Gene_Proteins,19408,2600
Dictionary,Europe PMC,Organisms,52616,2600
Dictionary,Europe PMC,Resources,286,2600
Dictionary,Metagenomics,Body-Site,14,2600
Dictionary,Metagenomics,Date,2,2600
Dictionary,Metagenomics,Engineered,2,2600
Dictionary,Metagenomics,Gene,2,2600
Dictionary,Metagenomics,Host,23,2600
Dictionary,Metagenomics,Kit,1,2600
Dictionary,Metagenomics,LS,2,2600
Dictionary,Metagenomics,Place,5,2600
Dictionary,Metagenomics,Sample-Material,19,2600
Dictionary,Metagenomics,State,144,2600
Dictionary,Metagenomics,Treatment,34,2600
Dictionary,OntoGene,Organ Tissue,4,2600
Dictionary,OntoGene,Sequence,3,2600
Dictionary,Open Targets Platform,Gene Disease Relationship,1,2600
Dictionary,Open Targets Platform,Gene Drug Relationship,1,2600
ML,Biostudies,Accession Numbers,17,2600
ML,Biostudies,Chemicals,12,2600
ML,Biostudies,Diseases,4,2600
ML,Biostudies,Experimental Methods,5,2600
ML,Biostudies,Gene Ontology,3,2600
ML,Biostudies,Gene_Proteins,28,2600
ML,Biostudies,Organisms,32,2600
ML,Europe PMC,Chemicals,28297,2600
ML,Europe PMC,Diseases,13229,2600
ML,Europe PMC,Experimental Methods,4214,2600
ML,Europe PMC,Gene Ontology,11317,2600
ML,Europe PMC,Gene_Proteins,21305,2600
ML,Europe PMC,Organisms,62395,2600
ML,Metagenomics,Body-Site,11234,2600
ML,Metagenomics,Date,499,2600
ML,Metagenomics,Ecoregion,990,2600
ML,Metagenomics,Engineered,3413,2600
ML,Metagenomics,Gene,7716,2600
ML,Metagenomics,Host,13923,2600
ML,Metagenomics,Kit,385,2600
ML,Metagenomics,LCM,165,2600
ML,Metagenomics,LS,1362,2600
ML,Metagenomics,Place,5023,2600
ML,Metagenomics,Primer,690,2600
ML,Metagenomics,Sample-Material,10561,2600
ML,Metagenomics,Sequencing,1156,2600
ML,Metagenomics,Site,1687,2600
ML,Metagenomics,State,70018,2600
ML,Metagenomics,Treatment,22354,2600
ML,OntoGene,Organ Tissue,4,2600
ML,OntoGene,Sequence,3,2600
ML,Open Targets Platform,Gene Disease Relationship,1,2600
ML,Open Targets Platform,Gene Drug Relationship,1,2600
Dictionary,Biostudies,Accession Numbers,17,2700
Dictionary,Biostudies,Chemicals,12,2700
Dictionary,Biostudies,Diseases,4,2700
Dictionary,Biostudies,Experimental Methods,5,2700
Dictionary,Biostudies,Gene Ontology,3,2700
Dictionary,Biostudies,Gene_Proteins,28,2700
Dictionary,Biostudies,Organisms,32,2700
Dictionary,Europe PMC,Accession Numbers,1546,2700
Dictionary,Europe PMC,Chemicals,27787,2700
Dictionary,Europe PMC,Diseases,11900,2700
Dictionary,Europe PMC,Experimental Methods,6249,2700
Dictionary,Europe PMC,Gene Ontology,13596,2700
Dictionary,Europe PMC,Gene_Proteins,19408,2700
Dictionary,Europe PMC,Organisms,52616,2700
Dictionary,Europe PMC,Resources,286,2700
Dictionary,Metagenomics,Body-Site,14,2700
Dictionary,Metagenomics,Date,2,2700
Dictionary,Metagenomics,Engineered,2,2700
Dictionary,Metagenomics,Gene,2,2700
Dictionary,Metagenomics,Host,23,2700
Dictionary,Metagenomics,Kit,1,2700
Dictionary,Metagenomics,LS,2,2700
Dictionary,Metagenomics,Place,5,2700
Dictionary,Metagenomics,Sample-Material,19,2700
Dictionary,Metagenomics,State,144,2700
Dictionary,Metagenomics,Treatment,34,2700
Dictionary,OntoGene,Organ Tissue,4,2700
Dictionary,OntoGene,Sequence,3,2700
Dictionary,Open Targets Platform,Gene Disease Relationship,1,2700
Dictionary,Open Targets Platform,Gene Drug Relationship,1,2700
ML,Biostudies,Accession Numbers,17,2700
ML,Biostudies,Chemicals,12,2700
ML,Biostudies,Diseases,4,2700
ML,Biostudies,Experimental Methods,5,2700
ML,Biostudies,Gene Ontology,3,2700
ML,Biostudies,Gene_Proteins,28,2700
ML,Biostudies,Organisms,32,2700
ML,Europe PMC,Chemicals,28297,2700
ML,Europe PMC,Diseases,13229,2700
ML,Europe PMC,Experimental Methods,4214,2700
ML,Europe PMC,Gene Ontology,11317,2700
ML,Europe PMC,Gene_Proteins,21305,2700
ML,Europe PMC,Organisms,62395,2700
ML,Metagenomics,Body-Site,11234,2700
ML,Metagenomics,Date,499,2700
ML,Metagenomics,Ecoregion,990,2700
ML,Metagenomics,Engineered,3413,2700
ML,Metagenomics,Gene,7716,2700
ML,Metagenomics,Host,13923,2700
ML,Metagenomics,Kit,385,2700
ML,Metagenomics,LCM,165,2700
ML,Metagenomics,LS,1362,2700
ML,Metagenomics,Place,5023,2700
ML,Metagenomics,Primer,690,2700
ML,Metagenomics,Sample-Material,10561,2700
ML,Metagenomics,Sequencing,1156,2700
ML,Metagenomics,Site,1687,2700
ML,Metagenomics,State,70018,2700
ML,Metagenomics,Treatment,22354,2700
ML,OntoGene,Organ Tissue,4,2700
ML,OntoGene,Sequence,3,2700
ML,Open Targets Platform,Gene Disease Relationship,1,2700
ML,Open Targets Platform,Gene Drug Relationship,1,2700
Dictionary,Biostudies,Accession Numbers,17,2800
Dictionary,Biostudies,Chemicals,12,2800
Dictionary,Biostudies,Diseases,4,2800
Dictionary,Biostudies,Experimental Methods,5,2800
Dictionary,Biostudies,Gene Ontology,3,2800
Dictionary,Biostudies,Gene_Proteins,28,2800
Dictionary,Biostudies,Organisms,32,2800
Dictionary,Europe PMC,Accession Numbers,1546,2800
Dictionary,Europe PMC,Chemicals,27787,2800
Dictionary,Europe PMC,Diseases,11900,2800
Dictionary,Europe PMC,Experimental Methods,6249,2800
Dictionary,Europe PMC,Gene Ontology,13596,2800
Dictionary,Europe PMC,Gene_Proteins,19408,2800
Dictionary,Europe PMC,Organisms,52616,2800
Dictionary,Europe PMC,Resources,286,2800
Dictionary,Metagenomics,Body-Site,14,2800
Dictionary,Metagenomics,Date,2,2800
Dictionary,Metagenomics,Engineered,2,2800
Dictionary,Metagenomics,Gene,2,2800
Dictionary,Metagenomics,Host,23,2800
Dictionary,Metagenomics,Kit,1,2800
Dictionary,Metagenomics,LS,2,2800
Dictionary,Metagenomics,Place,5,2800
Dictionary,Metagenomics,Sample-Material,19,2800
Dictionary,Metagenomics,State,144,2800
Dictionary,Metagenomics,Treatment,34,2800
Dictionary,OntoGene,Organ Tissue,4,2800
Dictionary,OntoGene,Sequence,3,2800
Dictionary,Open Targets Platform,Gene Disease Relationship,1,2800
Dictionary,Open Targets Platform,Gene Drug Relationship,1,2800
ML,Biostudies,Accession Numbers,17,2800
ML,Biostudies,Chemicals,12,2800
ML,Biostudies,Diseases,4,2800
ML,Biostudies,Experimental Methods,5,2800
ML,Biostudies,Gene Ontology,3,2800
ML,Biostudies,Gene_Proteins,28,2800
ML,Biostudies,Organisms,32,2800
ML,Europe PMC,Chemicals,28297,2800
ML,Europe PMC,Diseases,13229,2800
ML,Europe PMC,Experimental Methods,4214,2800
ML,Europe PMC,Gene Ontology,11317,2800
ML,Europe PMC,Gene_Proteins,21305,2800
ML,Europe PMC,Organisms,62395,2800
ML,Metagenomics,Body-Site,11234,2800
ML,Metagenomics,Date,499,2800
ML,Metagenomics,Ecoregion,990,2800
ML,Metagenomics,Engineered,3413,2800
ML,Metagenomics,Gene,7716,2800
ML,Metagenomics,Host,13923,2800
ML,Metagenomics,Kit,385,2800
ML,Metagenomics,LCM,165,2800
ML,Metagenomics,LS,1362,2800
ML,Metagenomics,Place,5023,2800
ML,Metagenomics,Primer,690,2800
ML,Metagenomics,Sample-Material,10561,2800
ML,Metagenomics,Sequencing,1156,2800
ML,Metagenomics,Site,1687,2800
ML,Metagenomics,State,70018,2800
ML,Metagenomics,Treatment,22354,2800
ML,OntoGene,Organ Tissue,4,2800
ML,OntoGene,Sequence,3,2800
ML,Open Targets Platform,Gene Disease Relationship,1,2800
ML,Open Targets Platform,Gene Drug Relationship,1,2800
Dictionary,Biostudies,Accession Numbers,17,2900
Dictionary,Biostudies,Chemicals,12,2900
Dictionary,Biostudies,Diseases,4,2900
Dictionary,Biostudies,Experimental Methods,5,2900
Dictionary,Biostudies,Gene Ontology,3,2900
Dictionary,Biostudies,Gene_Proteins,28,2900
Dictionary,Biostudies,Organisms,32,2900
Dictionary,Europe PMC,Accession Numbers,1546,2900
Dictionary,Europe PMC,Chemicals,27787,2900
Dictionary,Europe PMC,Diseases,11900,2900
Dictionary,Europe PMC,Experimental Methods,6249,2900
Dictionary,Europe PMC,Gene Ontology,13596,2900
Dictionary,Europe PMC,Gene_Proteins,19408,2900
Dictionary,Europe PMC,Organisms,52616,2900
Dictionary,Europe PMC,Resources,286,2900
Dictionary,Metagenomics,Body-Site,14,2900
Dictionary,Metagenomics,Date,2,2900
Dictionary,Metagenomics,Engineered,2,2900
Dictionary,Metagenomics,Gene,2,2900
Dictionary,Metagenomics,Host,23,2900
Dictionary,Metagenomics,Kit,1,2900
Dictionary,Metagenomics,LS,2,2900
Dictionary,Metagenomics,Place,5,2900
Dictionary,Metagenomics,Sample-Material,19,2900
Dictionary,Metagenomics,State,144,2900
Dictionary,Metagenomics,Treatment,34,2900
Dictionary,OntoGene,Organ Tissue,4,2900
Dictionary,OntoGene,Sequence,3,2900
Dictionary,Open Targets Platform,Gene Disease Relationship,1,2900
Dictionary,Open Targets Platform,Gene Drug Relationship,1,2900
ML,Biostudies,Accession Numbers,17,2900
ML,Biostudies,Chemicals,12,2900
ML,Biostudies,Diseases,4,2900
ML,Biostudies,Experimental Methods,5,2900
ML,Biostudies,Gene Ontology,3,2900
ML,Biostudies,Gene_Proteins,28,2900
ML,Biostudies,Organisms,32,2900
ML,Europe PMC,Chemicals,28297,2900
ML,Europe PMC,Diseases,13229,2900
ML,Europe PMC,Experimental Methods,4214,2900
ML,Europe PMC,Gene Ontology,11317,2900
ML,Europe PMC,Gene_Proteins,21305,2900
ML,Europe PMC,Organisms,62395,2900
ML,Metagenomics,Body-Site,11234,2900
ML,Metagenomics,Date,499,2900
ML,Metagenomics,Ecoregion,990,2900
ML,Metagenomics,Engineered,3413,2900
ML,Metagenomics,Gene,7716,2900
ML,Metagenomics,Host,13923,2900
ML,Metagenomics,Kit,385,2900
ML,Metagenomics,LCM,165,2900
ML,Metagenomics,LS,1362,2900
ML,Metagenomics,Place,5023,2900
ML,Metagenomics,Primer,690,2900
ML,Metagenomics,Sample-Material,10561,2900
ML,Metagenomics,Sequencing,1156,2900
ML,Metagenomics,Site,1687,2900
ML,Metagenomics,State,70018,2900
ML,Metagenomics,Treatment,22354,2900
ML,OntoGene,Organ Tissue,4,2900
ML,OntoGene,Sequence,3,2900
ML,Open Targets Platform,Gene Disease Relationship,1,2900
ML,Open Targets Platform,Gene Drug Relationship,1,2900
Dictionary,Biostudies,Accession Numbers,17,3000
Dictionary,Biostudies,Chemicals,12,3000
Dictionary,Biostudies,Diseases,4,3000
Dictionary,Biostudies,Experimental Methods,5,3000
Dictionary,Biostudies,Gene Ontology,3,3000
Dictionary,Biostudies,Gene_Proteins,28,3000
Dictionary,Biostudies,Organisms,32,3000
Dictionary,Europe PMC,Accession Numbers,1546,3000
Dictionary,Europe PMC,Chemicals,27787,3000
Dictionary,Europe PMC,Diseases,11900,3000
Dictionary,Europe PMC,Experimental Methods,6249,3000
Dictionary,Europe PMC,Gene Ontology,13596,3000
Dictionary,Europe PMC,Gene_Proteins,19408,3000
Dictionary,Europe PMC,Organisms,52616,3000
Dictionary,Europe PMC,Resources,286,3000
Dictionary,Metagenomics,Body-Site,14,3000
Dictionary,Metagenomics,Date,2,3000
Dictionary,Metagenomics,Engineered,2,3000
Dictionary,Metagenomics,Gene,2,3000
Dictionary,Metagenomics,Host,23,3000
Dictionary,Metagenomics,Kit,1,3000
Dictionary,Metagenomics,LS,2,3000
Dictionary,Metagenomics,Place,5,3000
Dictionary,Metagenomics,Sample-Material,19,3000
Dictionary,Metagenomics,State,144,3000
Dictionary,Metagenomics,Treatment,34,3000
Dictionary,OntoGene,Organ Tissue,4,3000
Dictionary,OntoGene,Sequence,3,3000
Dictionary,Open Targets Platform,Gene Disease Relationship,1,3000
Dictionary,Open Targets Platform,Gene Drug Relationship,1,3000
ML,Biostudies,Accession Numbers,17,3000
ML,Biostudies,Chemicals,12,3000
ML,Biostudies,Diseases,4,3000
ML,Biostudies,Experimental Methods,5,3000
ML,Biostudies,Gene Ontology,3,3000
ML,Biostudies,Gene_Proteins,28,3000
ML,Biostudies,Organisms,32,3000
ML,Europe PMC,Chemicals,28297,3000
ML,Europe PMC,Diseases,13229,3000
ML,Europe PMC,Experimental Methods,4214,3000
ML,Europe PMC,Gene Ontology,11317,3000
ML,Europe PMC,Gene_Proteins,21305,3000
ML,Europe PMC,Organisms,62395,3000
ML,Metagenomics,Body-Site,11234,3000
ML,Metagenomics,Date,499,3000
ML,Metagenomics,Ecoregion,990,3000
ML,Metagenomics,Engineered,3413,3000
ML,Metagenomics,Gene,7716,3000
ML,Metagenomics,Host,13923,3000
ML,Metagenomics,Kit,385,3000
ML,Metagenomics,LCM,165,3000
ML,Metagenomics,LS,1362,3000
ML,Metagenomics,Place,5023,3000
ML,Metagenomics,Primer,690,3000
ML,Metagenomics,Sample-Material,10561,3000
ML,Metagenomics,Sequencing,1156,3000
ML,Metagenomics,Site,1687,3000
ML,Metagenomics,State,70018,3000
ML,Metagenomics,Treatment,22354,3000
ML,OntoGene,Organ Tissue,4,3000
ML,OntoGene,Sequence,3,3000
ML,Open Targets Platform,Gene Disease Relationship,1,3000
ML,Open Targets Platform,Gene Drug Relationship,1,3000
Dictionary,Biostudies,Accession Numbers,17,3100
Dictionary,Biostudies,Chemicals,12,3100
Dictionary,Biostudies,Diseases,4,3100
Dictionary,Biostudies,Experimental Methods,5,3100
Dictionary,Biostudies,Gene Ontology,3,3100
Dictionary,Biostudies,Gene_Proteins,28,3100
Dictionary,Biostudies,Organisms,32,3100
Dictionary,Europe PMC,Accession Numbers,1546,3100
Dictionary,Europe PMC,Chemicals,27787,3100
Dictionary,Europe PMC,Diseases,11900,3100
Dictionary,Europe PMC,Experimental Methods,6249,3100
Dictionary,Europe PMC,Gene Ontology,13596,3100
Dictionary,Europe PMC,Gene_Proteins,19408,3100
Dictionary,Europe PMC,Organisms,52616,3100
Dictionary,Europe PMC,Resources,286,3100
Dictionary,Metagenomics,Body-Site,14,3100
Dictionary,Metagenomics,Date,2,3100
Dictionary,Metagenomics,Engineered,2,3100
Dictionary,Metagenomics,Gene,2,3100
Dictionary,Metagenomics,Host,23,3100
Dictionary,Metagenomics,Kit,1,3100
Dictionary,Metagenomics,LS,2,3100
Dictionary,Metagenomics,Place,5,3100
Dictionary,Metagenomics,Sample-Material,19,3100
Dictionary,Metagenomics,State,144,3100
Dictionary,Metagenomics,Treatment,34,3100
Dictionary,OntoGene,Organ Tissue,4,3100
Dictionary,OntoGene,Sequence,3,3100
Dictionary,Open Targets Platform,Gene Disease Relationship,1,3100
Dictionary,Open Targets Platform,Gene Drug Relationship,1,3100
ML,Biostudies,Accession Numbers,17,3100
ML,Biostudies,Chemicals,12,3100
ML,Biostudies,Diseases,4,3100
ML,Biostudies,Experimental Methods,5,3100
ML,Biostudies,Gene Ontology,3,3100
ML,Biostudies,Gene_Proteins,28,3100
ML,Biostudies,Organisms,32,3100
ML,Europe PMC,Chemicals,28297,3100
ML,Europe PMC,Diseases,13229,3100
ML,Europe PMC,Experimental Methods,4214,3100
ML,Europe PMC,Gene Ontology,11317,3100
ML,Europe PMC,Gene_Proteins,21305,3100
ML,Europe PMC,Organisms,62395,3100
ML,Metagenomics,Body-Site,11234,3100
ML,Metagenomics,Date,499,3100
ML,Metagenomics,Ecoregion,990,3100
ML,Metagenomics,Engineered,3413,3100
ML,Metagenomics,Gene,7716,3100
ML,Metagenomics,Host,13923,3100
ML,Metagenomics,Kit,385,3100
ML,Metagenomics,LCM,165,3100
ML,Metagenomics,LS,1362,3100
ML,Metagenomics,Place,5023,3100
ML,Metagenomics,Primer,690,3100
ML,Metagenomics,Sample-Material,10561,3100
ML,Metagenomics,Sequencing,1156,3100
ML,Metagenomics,Site,1687,3100
ML,Metagenomics,State,70018,3100
ML,Metagenomics,Treatment,22354,3100
ML,OntoGene,Organ Tissue,4,3100
ML,OntoGene,Sequence,3,3100
ML,Open Targets Platform,Gene Disease Relationship,1,3100
ML,Open Targets Platform,Gene Drug Relationship,1,3100
Dictionary,Biostudies,Accession Numbers,17,3200
Dictionary,Biostudies,Chemicals,12,3200
Dictionary,Biostudies,Diseases,4,3200
Dictionary,Biostudies,Experimental Methods,5,3200
Dictionary,Biostudies,Gene Ontology,3,3200
Dictionary,Biostudies,Gene_Proteins,28,3200
Dictionary,Biostudies,Organisms,32,3200
Dictionary,Europe PMC,Accession Numbers,1546,3200
Dictionary,Europe PMC,Chemicals,27787,3200
Dictionary,Europe PMC,Diseases,11900,3200
Dictionary,Europe PMC,Experimental Methods,6249,3200
Dictionary,Europe PMC,Gene Ontology,13596,3200
Dictionary,Europe PMC,Gene_Proteins,19408,3200
Dictionary,Europe PMC,Organisms,52616,3200
Dictionary,Europe PMC,Resources,286,3200
Dictionary,Metagenomics,Body-Site,14,3200
Dictionary,Metagenomics,Date,2,3200
Dictionary,Metagenomics,Engineered,2,3200
Dictionary,Metagenomics,Gene,2,3200
Dictionary,Metagenomics,Host,23,3200
Dictionary,Metagenomics,Kit,1,3200
Dictionary,Metagenomics,LS,2,3200
Dictionary,Metagenomics,Place,5,3200
Dictionary,Metagenomics,Sample-Material,19,3200
Dictionary,Metagenomics,State,144,3200
Dictionary,Metagenomics,Treatment,34,3200
Dictionary,OntoGene,Organ Tissue,4,3200
Dictionary,OntoGene,Sequence,3,3200
Dictionary,Open Targets Platform,Gene Disease Relationship,1,3200
Dictionary,Open Targets Platform,Gene Drug Relationship,1,3200
ML,Biostudies,Accession Numbers,17,3200
ML,Biostudies,Chemicals,12,3200
ML,Biostudies,Diseases,4,3200
ML,Biostudies,Experimental Methods,5,3200
ML,Biostudies,Gene Ontology,3,3200
ML,Biostudies,Gene_Proteins,28,3200
ML,Biostudies,Organisms,32,3200
ML,Europe PMC,Chemicals,28297,3200
ML,Europe PMC,Diseases,13229,3200
ML,Europe PMC,Experimental Methods,4214,3200
ML,Europe PMC,Gene Ontology,11317,3200
ML,Europe PMC,Gene_Proteins,21305,3200
ML,Europe PMC,Organisms,62395,3200
ML,Metagenomics,Body-Site,11234,3200
ML,Metagenomics,Date,499,3200
ML,Metagenomics,Ecoregion,990,3200
ML,Metagenomics,Engineered,3413,3200
ML,Metagenomics,Gene,7716,3200
ML,Metagenomics,Host,13923,3200
ML,Metagenomics,Kit,385,3200
ML,Metagenomics,LCM,165,3200
ML,Metagenomics,LS,1362,3200
ML,Metagenomics,Place,5023,3200
ML,Metagenomics,Primer,690,3200
ML,Metagenomics,Sample-Material,10561,3200
ML,Metagenomics,Sequencing,1156,3200
ML,Metagenomics,Site,1687,3200
ML,Metagenomics,State,70018,3200
ML,Metagenomics,Treatment,22354,3200
ML,OntoGene,Organ Tissue,4,3200
ML,OntoGene,Sequence,3,3200
ML,Open Targets Platform,Gene Disease Relationship,1,3200
ML,Open Targets Platform,Gene Drug Relationship,1,3200
Dictionary,Biostudies,Accession Numbers,17,3300
Dictionary,Biostudies,Chemicals,12,3300
Dictionary,Biostudies,Diseases,4,3300
Dictionary,Biostudies,Experimental Methods,5,3300
Dictionary,Biostudies,Gene Ontology,3,3300
Dictionary,Biostudies,Gene_Proteins,28,3300
Dictionary,Biostudies,Organisms,32,3300
Dictionary,Europe PMC,Accession Numbers,1546,3300
Dictionary,Europe PMC,Chemicals,27787,3300
Dictionary,Europe PMC,Diseases,11900,3300
Dictionary,Europe PMC,Experimental Methods,6249,3300
Dictionary,Europe PMC,Gene Ontology,13596,3300
Dictionary,Europe PMC,Gene_Proteins,19408,3300
Dictionary,Europe PMC,Organisms,52616,3300
Dictionary,Europe PMC,Resources,286,3300
Dictionary,Metagenomics,Body-Site,14,3300
Dictionary,Metagenomics,Date,2,3300
Dictionary,Metagenomics,Engineered,2,3300
Dictionary,Metagenomics,Gene,2,3300
Dictionary,Metagenomics,Host,23,3300
Dictionary,Metagenomics,Kit,1,3300
Dictionary,Metagenomics,LS,2,3300
Dictionary,Metagenomics,Place,5,3300
Dictionary,Metagenomics,Sample-Material,19,3300
Dictionary,Metagenomics,State,144,3300
Dictionary,Metagenomics,Treatment,34,3300
Dictionary,OntoGene,Organ Tissue,4,3300
Dictionary,OntoGene,Sequence,3,3300
Dictionary,Open Targets Platform,Gene Disease Relationship,1,3300
Dictionary,Open Targets Platform,Gene Drug Relationship,1,3300
ML,Biostudies,Accession Numbers,17,3300
ML,Biostudies,Chemicals,12,3300
ML,Biostudies,Diseases,4,3300
ML,Biostudies,Experimental Methods,5,3300
ML,Biostudies,Gene Ontology,3,3300
ML,Biostudies,Gene_Proteins,28,3300
ML,Biostudies,Organisms,32,3300
ML,Europe PMC,Chemicals,28297,3300
ML,Europe PMC,Diseases,13229,3300
ML,Europe PMC,Experimental Methods,4214,3300
ML,Europe PMC,Gene Ontology,11317,3300
ML,Europe PMC,Gene_Proteins,21305,3300
ML,Europe PMC,Organisms,62395,3300
ML,Metagenomics,Body-Site,11234,3300
ML,Metagenomics,Date,499,3300
ML,Metagenomics,Ecoregion,990,3300
ML,Metagenomics,Engineered,3413,3300
ML,Metagenomics,Gene,7716,3300
ML,Metagenomics,Host,13923,3300
ML,Metagenomics,Kit,385,3300
ML,Metagenomics,LCM,165,3300
ML,Metagenomics,LS,1362,3300
ML,Metagenomics,Place,5023,3300
ML,Metagenomics,Primer,690,3300
ML,Metagenomics,Sample-Material,10561,3300
ML,Metagenomics,Sequencing,1156,3300
ML,Metagenomics,Site,1687,3300
ML,Metagenomics,State,70018,3300
ML,Metagenomics,Treatment,22354,3300
ML,OntoGene,Organ Tissue,4,3300
ML,OntoGene,Sequence,3,3300
ML,Open Targets Platform,Gene Disease Relationship,1,3300
ML,Open Targets Platform,Gene Drug Relationship,1,3300
Dictionary,Biostudies,Accession Numbers,17,3400
Dictionary,Biostudies,Chemicals,12,3400
Dictionary,Biostudies,Diseases,4,3400
Dictionary,Biostudies,Experimental Methods,5,3400
Dictionary,Biostudies,Gene Ontology,3,3400
Dictionary,Biostudies,Gene_Proteins,28,3400
Dictionary,Biostudies,Organisms,32,3400
Dictionary,Europe PMC,Accession Numbers,1546,3400
Dictionary,Europe PMC,Chemicals,27787,3400
Dictionary,Europe PMC,Diseases,11900,3400
Dictionary,Europe PMC,Experimental Methods,6249,3400
Dictionary,Europe PMC,Gene Ontology,13596,3400
Dictionary,Europe PMC,Gene_Proteins,19408,3400
Dictionary,Europe PMC,Organisms,52616,3400
Dictionary,Europe PMC,Resources,286,3400
Dictionary,Metagenomics,Body-Site,14,3400
Dictionary,Metagenomics,Date,2,3400
Dictionary,Metagenomics,Engineered,2,3400
Dictionary,Metagenomics,Gene,2,3400
Dictionary,Metagenomics,Host,23,3400
Dictionary,Metagenomics,Kit,1,3400
Dictionary,Metagenomics,LS,2,3400
Dictionary,Metagenomics,Place,5,3400
Dictionary,Metagenomics,Sample-Material,19,3400
Dictionary,Metagenomics,State,144,3400
Dictionary,Metagenomics,Treatment,34,3400
Dictionary,OntoGene,Organ Tissue,4,3400
Dictionary,OntoGene,Sequence,3,3400
Dictionary,Open Targets Platform,Gene Disease Relationship,1,3400
Dictionary,Open Targets Platform,Gene Drug Relationship,1,3400
ML,Biostudies,Accession Numbers,17,3400
ML,Biostudies,Chemicals,12,3400
ML,Biostudies,Diseases,4,3400
ML,Biostudies,Experimental Methods,5,3400
ML,Biostudies,Gene Ontology,3,3400
ML,Biostudies,Gene_Proteins,28,3400
ML,Biostudies,Organisms,32,3400
ML,Europe PMC,Chemicals,28297,3400
ML,Europe PMC,Diseases,13229,3400
ML,Europe PMC,Experimental Methods,4214,3400
ML,Europe PMC,Gene Ontology,11317,3400
ML,Europe PMC,Gene_Proteins,21305,3400
ML,Europe PMC,Organisms,62395,3400
ML,Metagenomics,Body-Site,11234,3400
ML,Metagenomics,Date,499,3400
ML,Metagenomics,Ecoregion,990,3400
ML,Metagenomics,Engineered,3413,3400
ML,Metagenomics,Gene,7716,3400
ML,Metagenomics,Host,13923,3400
ML,Metagenomics,Kit,385,3400
ML,Metagenomics,LCM,165,3400
ML,Metagenomics,LS,1362,3400
ML,Metagenomics,Place,5023,3400
ML,Metagenomics,Primer,690,3400
ML,Metagenomics,Sample-Material,10561,3400
ML,Metagenomics,Sequencing,1156,3400
ML,Metagenomics,Site,1687,3400
ML,Metagenomics,State,70018,3400
ML,Metagenomics,Treatment,22354,3400
ML,OntoGene,Organ Tissue,4,3400
ML,OntoGene,Sequence,3,3400
ML,Open Targets Platform,Gene Disease Relationship,1,3400
ML,Open Targets Platform,Gene Drug Relationship,1,3400
Dictionary,Biostudies,Accession Numbers,17,3500
Dictionary,Biostudies,Chemicals,12,3500
Dictionary,Biostudies,Diseases,4,3500
Dictionary,Biostudies,Experimental Methods,5,3500
Dictionary,Biostudies,Gene Ontology,3,3500
Dictionary,Biostudies,Gene_Proteins,28,3500
Dictionary,Biostudies,Organisms,32,3500
Dictionary,Europe PMC,Accession Numbers,1546,3500
Dictionary,Europe PMC,Chemicals,27787,3500
Dictionary,Europe PMC,Diseases,11900,3500
Dictionary,Europe PMC,Experimental Methods,6249,3500
Dictionary,Europe PMC,Gene Ontology,13596,3500
Dictionary,Europe PMC,Gene_Proteins,19408,3500
Dictionary,Europe PMC,Organisms,52616,3500
Dictionary,Europe PMC,Resources,286,3500
Dictionary,Metagenomics,Body-Site,14,3500
Dictionary,Metagenomics,Date,2,3500
Dictionary,Metagenomics,Engineered,2,3500
Dictionary,Metagenomics,Gene,2,3500
Dictionary,Metagenomics,Host,23,3500
Dictionary,Metagenomics,Kit,1,3500
Dictionary,Metagenomics,LS,2,3500
Dictionary,Metagenomics,Place,5,3500
Dictionary,Metagenomics,Sample-Material,19,3500
Dictionary,Metagenomics,State,144,3500
Dictionary,Metagenomics,Treatment,34,3500
Dictionary,OntoGene,Organ Tissue,4,3500
Dictionary,OntoGene,Sequence,3,3500
Dictionary,Open Targets Platform,Gene Disease Relationship,1,3500
Dictionary,Open Targets Platform,Gene Drug Relationship,1,3500
ML,Biostudies,Accession Numbers,17,3500
ML,Biostudies,Chemicals,12,3500
ML,Biostudies,Diseases,4,3500
ML,Biostudies,Experimental Methods,5,3500
ML,Biostudies,Gene Ontology,3,3500
ML,Biostudies,Gene_Proteins,28,3500
ML,Biostudies,Organisms,32,3500
ML,Europe PMC,Chemicals,28297,3500
ML,Europe PMC,Diseases,13229,3500
ML,Europe PMC,Experimental Methods,4214,3500
ML,Europe PMC,Gene Ontology,11317,3500
ML,Europe PMC,Gene_Proteins,21305,3500
ML,Europe PMC,Organisms,62395,3500
ML,Metagenomics,Body-Site,11234,3500
ML,Metagenomics,Date,499,3500
ML,Metagenomics,Ecoregion,990,3500
ML,Metagenomics,Engineered,3413,3500
ML,Metagenomics,Gene,7716,3500
ML,Metagenomics,Host,13923,3500
ML,Metagenomics,Kit,385,3500
ML,Metagenomics,LCM,165,3500
ML,Metagenomics,LS,1362,3500
ML,Metagenomics,Place,5023,3500
ML,Metagenomics,Primer,690,3500
ML,Metagenomics,Sample-Material,10561,3500
ML,Metagenomics,Sequencing,1156,3500
ML,Metagenomics,Site,1687,3500
ML,Metagenomics,State,70018,3500
ML,Metagenomics,Treatment,22354,3500
ML,OntoGene,Organ Tissue,4,3500
ML,OntoGene,Sequence,3,3500
ML,Open Targets Platform,Gene Disease Relationship,1,3500
ML,Open Targets Platform,Gene Drug Relationship,1,3500
